date,year,month,group_code,group_name,short_name,monthly_variation,source_table
2012-01-01,2012,1,1,Alimentação e bebidas,Alimentação,0.86,1419
2012-01-01,2012,1,2,Habitação,Habitação,0.53,1419
2012-01-01,2012,1,3,Artigos de residência,Residência,0.16,1419
2012-01-01,2012,1,4,Vestuário,Vestuário,0.07,1419
2012-01-01,2012,1,5,Transportes,Transportes,0.69,1419
2012-01-01,2012,1,6,Saúde e cuidados pessoais,Saúde,0.3,1419
2012-01-01,2012,1,7,Despesas pessoais,Pessoais,0.71,1419
2012-01-01,2012,1,8,Educação,Educação,0.39,1419
2012-01-01,2012,1,9,Comunicação,Comunicação,0.21,1419
2012-02-01,2012,2,1,Alimentação e bebidas,Alimentação,0.19,1419
2012-02-01,2012,2,2,Habitação,Habitação,0.6,1419
2012-02-01,2012,2,3,Artigos de residência,Residência,0.06,1419
2012-02-01,2012,2,4,Vestuário,Vestuário,-0.23,1419
2012-02-01,2012,2,5,Transportes,Transportes,-0.33,1419
2012-02-01,2012,2,6,Saúde e cuidados pessoais,Saúde,0.7,1419
2012-02-01,2012,2,7,Despesas pessoais,Pessoais,0.88,1419
2012-02-01,2012,2,8,Educação,Educação,5.62,1419
2012-02-01,2012,2,9,Comunicação,Comunicação,-0.17,1419
2012-03-01,2012,3,1,Alimentação e bebidas,Alimentação,0.25,1419
2012-03-01,2012,3,2,Habitação,Habitação,0.48,1419
2012-03-01,2012,3,3,Artigos de residência,Residência,-0.4,1419
2012-03-01,2012,3,4,Vestuário,Vestuário,-0.61,1419
2012-03-01,2012,3,5,Transportes,Transportes,0.16,1419
2012-03-01,2012,3,6,Saúde e cuidados pessoais,Saúde,0.38,1419
2012-03-01,2012,3,7,Despesas pessoais,Pessoais,0.55,1419
2012-03-01,2012,3,8,Educação,Educação,0.54,1419
2012-03-01,2012,3,9,Comunicação,Comunicação,-0.36,1419
2012-04-01,2012,4,1,Alimentação e bebidas,Alimentação,0.51,1419
2012-04-01,2012,4,2,Habitação,Habitação,0.8,1419
2012-04-01,2012,4,3,Artigos de residência,Residência,-0.79,1419
2012-04-01,2012,4,4,Vestuário,Vestuário,0.98,1419
2012-04-01,2012,4,5,Transportes,Transportes,0.1,1419
2012-04-01,2012,4,6,Saúde e cuidados pessoais,Saúde,0.96,1419
2012-04-01,2012,4,7,Despesas pessoais,Pessoais,2.23,1419
2012-04-01,2012,4,8,Educação,Educação,0.04,1419
2012-04-01,2012,4,9,Comunicação,Comunicação,0.46,1419
2012-05-01,2012,5,1,Alimentação e bebidas,Alimentação,0.73,1419
2012-05-01,2012,5,2,Habitação,Habitação,0.8,1419
2012-05-01,2012,5,3,Artigos de residência,Residência,0.17,1419
2012-05-01,2012,5,4,Vestuário,Vestuário,0.89,1419
2012-05-01,2012,5,5,Transportes,Transportes,-0.58,1419
2012-05-01,2012,5,6,Saúde e cuidados pessoais,Saúde,0.66,1419
2012-05-01,2012,5,7,Despesas pessoais,Pessoais,0.6,1419
2012-05-01,2012,5,8,Educação,Educação,-0.01,1419
2012-05-01,2012,5,9,Comunicação,Comunicação,-0.19,1419
2012-06-01,2012,6,1,Alimentação e bebidas,Alimentação,0.68,1419
2012-06-01,2012,6,2,Habitação,Habitação,0.28,1419
2012-06-01,2012,6,3,Artigos de residência,Residência,-0.03,1419
2012-06-01,2012,6,4,Vestuário,Vestuário,0.39,1419
2012-06-01,2012,6,5,Transportes,Transportes,-1.18,1419
2012-06-01,2012,6,6,Saúde e cuidados pessoais,Saúde,0.38,1419
2012-06-01,2012,6,7,Despesas pessoais,Pessoais,0.47,1419
2012-06-01,2012,6,8,Educação,Educação,0.06,1419
2012-06-01,2012,6,9,Comunicação,Comunicação,-0.01,1419
2012-07-01,2012,7,1,Alimentação e bebidas,Alimentação,0.91,1419
2012-07-01,2012,7,2,Habitação,Habitação,0.54,1419
2012-07-01,2012,7,3,Artigos de residência,Residência,-0.01,1419
2012-07-01,2012,7,4,Vestuário,Vestuário,0.04,1419
2012-07-01,2012,7,5,Transportes,Transportes,-0.03,1419
2012-07-01,2012,7,6,Saúde e cuidados pessoais,Saúde,0.36,1419
2012-07-01,2012,7,7,Despesas pessoais,Pessoais,0.91,1419
2012-07-01,2012,7,8,Educação,Educação,0.12,1419
2012-07-01,2012,7,9,Comunicação,Comunicação,0.15,1419
2012-08-01,2012,8,1,Alimentação e bebidas,Alimentação,0.88,1419
2012-08-01,2012,8,2,Habitação,Habitação,0.22,1419
2012-08-01,2012,8,3,Artigos de residência,Residência,0.4,1419
2012-08-01,2012,8,4,Vestuário,Vestuário,0.19,1419
2012-08-01,2012,8,5,Transportes,Transportes,0.06,1419
2012-08-01,2012,8,6,Saúde e cuidados pessoais,Saúde,0.53,1419
2012-08-01,2012,8,7,Despesas pessoais,Pessoais,0.42,1419
2012-08-01,2012,8,8,Educação,Educação,0.51,1419
2012-08-01,2012,8,9,Comunicação,Comunicação,-0.01,1419
2012-09-01,2012,9,1,Alimentação e bebidas,Alimentação,1.26,1419
2012-09-01,2012,9,2,Habitação,Habitação,0.71,1419
2012-09-01,2012,9,3,Artigos de residência,Residência,0.18,1419
2012-09-01,2012,9,4,Vestuário,Vestuário,0.89,1419
2012-09-01,2012,9,5,Transportes,Transportes,-0.08,1419
2012-09-01,2012,9,6,Saúde e cuidados pessoais,Saúde,0.32,1419
2012-09-01,2012,9,7,Despesas pessoais,Pessoais,0.73,1419
2012-09-01,2012,9,8,Educação,Educação,0.1,1419
2012-09-01,2012,9,9,Comunicação,Comunicação,0.03,1419
2012-10-01,2012,10,1,Alimentação e bebidas,Alimentação,1.36,1419
2012-10-01,2012,10,2,Habitação,Habitação,0.38,1419
2012-10-01,2012,10,3,Artigos de residência,Residência,0.37,1419
2012-10-01,2012,10,4,Vestuário,Vestuário,1.09,1419
2012-10-01,2012,10,5,Transportes,Transportes,0.24,1419
2012-10-01,2012,10,6,Saúde e cuidados pessoais,Saúde,0.48,1419
2012-10-01,2012,10,7,Despesas pessoais,Pessoais,0.1,1419
2012-10-01,2012,10,8,Educação,Educação,0.05,1419
2012-10-01,2012,10,9,Comunicação,Comunicação,0.31,1419
2012-11-01,2012,11,1,Alimentação e bebidas,Alimentação,0.79,1419
2012-11-01,2012,11,2,Habitação,Habitação,0.64,1419
2012-11-01,2012,11,3,Artigos de residência,Residência,0.47,1419
2012-11-01,2012,11,4,Vestuário,Vestuário,0.86,1419
2012-11-01,2012,11,5,Transportes,Transportes,0.68,1419
2012-11-01,2012,11,6,Saúde e cuidados pessoais,Saúde,0.32,1419
2012-11-01,2012,11,7,Despesas pessoais,Pessoais,0.53,1419
2012-11-01,2012,11,8,Educação,Educação,0.05,1419
2012-11-01,2012,11,9,Comunicação,Comunicação,0.31,1419
2012-12-01,2012,12,1,Alimentação e bebidas,Alimentação,1.03,1419
2012-12-01,2012,12,2,Habitação,Habitação,0.63,1419
2012-12-01,2012,12,3,Artigos de residência,Residência,0.27,1419
2012-12-01,2012,12,4,Vestuário,Vestuário,1.11,1419
2012-12-01,2012,12,5,Transportes,Transportes,0.75,1419
2012-12-01,2012,12,6,Saúde e cuidados pessoais,Saúde,0.4,1419
2012-12-01,2012,12,7,Despesas pessoais,Pessoais,1.6,1419
2012-12-01,2012,12,8,Educação,Educação,0.19,1419
2012-12-01,2012,12,9,Comunicação,Comunicação,0.03,1419
2013-01-01,2013,1,1,Alimentação e bebidas,Alimentação,1.99,1419
2013-01-01,2013,1,2,Habitação,Habitação,-0.2,1419
2013-01-01,2013,1,3,Artigos de residência,Residência,1.15,1419
2013-01-01,2013,1,4,Vestuário,Vestuário,-0.53,1419
2013-01-01,2013,1,5,Transportes,Transportes,0.75,1419
2013-01-01,2013,1,6,Saúde e cuidados pessoais,Saúde,0.73,1419
2013-01-01,2013,1,7,Despesas pessoais,Pessoais,1.55,1419
2013-01-01,2013,1,8,Educação,Educação,0.35,1419
2013-01-01,2013,1,9,Comunicação,Comunicação,-0.08,1419
2013-02-01,2013,2,1,Alimentação e bebidas,Alimentação,1.45,1419
2013-02-01,2013,2,2,Habitação,Habitação,-2.38,1419
2013-02-01,2013,2,3,Artigos de residência,Residência,0.53,1419
2013-02-01,2013,2,4,Vestuário,Vestuário,0.55,1419
2013-02-01,2013,2,5,Transportes,Transportes,0.81,1419
2013-02-01,2013,2,6,Saúde e cuidados pessoais,Saúde,0.65,1419
2013-02-01,2013,2,7,Despesas pessoais,Pessoais,0.57,1419
2013-02-01,2013,2,8,Educação,Educação,5.4,1419
2013-02-01,2013,2,9,Comunicação,Comunicação,0.1,1419
2013-03-01,2013,3,1,Alimentação e bebidas,Alimentação,1.14,1419
2013-03-01,2013,3,2,Habitação,Habitação,0.51,1419
2013-03-01,2013,3,3,Artigos de residência,Residência,0.11,1419
2013-03-01,2013,3,4,Vestuário,Vestuário,0.15,1419
2013-03-01,2013,3,5,Transportes,Transportes,-0.09,1419
2013-03-01,2013,3,6,Saúde e cuidados pessoais,Saúde,0.32,1419
2013-03-01,2013,3,7,Despesas pessoais,Pessoais,0.54,1419
2013-03-01,2013,3,8,Educação,Educação,0.56,1419
2013-03-01,2013,3,9,Comunicação,Comunicação,0.13,1419
2013-04-01,2013,4,1,Alimentação e bebidas,Alimentação,0.96,1419
2013-04-01,2013,4,2,Habitação,Habitação,0.62,1419
2013-04-01,2013,4,3,Artigos de residência,Residência,0.63,1419
2013-04-01,2013,4,4,Vestuário,Vestuário,0.65,1419
2013-04-01,2013,4,5,Transportes,Transportes,-0.19,1419
2013-04-01,2013,4,6,Saúde e cuidados pessoais,Saúde,1.28,1419
2013-04-01,2013,4,7,Despesas pessoais,Pessoais,0.61,1419
2013-04-01,2013,4,8,Educação,Educação,0.1,1419
2013-04-01,2013,4,9,Comunicação,Comunicação,-0.32,1419
2013-05-01,2013,5,1,Alimentação e bebidas,Alimentação,0.31,1419
2013-05-01,2013,5,2,Habitação,Habitação,0.75,1419
2013-05-01,2013,5,3,Artigos de residência,Residência,0.46,1419
2013-05-01,2013,5,4,Vestuário,Vestuário,0.84,1419
2013-05-01,2013,5,5,Transportes,Transportes,-0.25,1419
2013-05-01,2013,5,6,Saúde e cuidados pessoais,Saúde,0.94,1419
2013-05-01,2013,5,7,Despesas pessoais,Pessoais,0.41,1419
2013-05-01,2013,5,8,Educação,Educação,0.06,1419
2013-05-01,2013,5,9,Comunicação,Comunicação,0.08,1419
2013-06-01,2013,6,1,Alimentação e bebidas,Alimentação,0.04,1419
2013-06-01,2013,6,2,Habitação,Habitação,0.57,1419
2013-06-01,2013,6,3,Artigos de residência,Residência,0.12,1419
2013-06-01,2013,6,4,Vestuário,Vestuário,0.5,1419
2013-06-01,2013,6,5,Transportes,Transportes,0.14,1419
2013-06-01,2013,6,6,Saúde e cuidados pessoais,Saúde,0.36,1419
2013-06-01,2013,6,7,Despesas pessoais,Pessoais,0.4,1419
2013-06-01,2013,6,8,Educação,Educação,0.18,1419
2013-06-01,2013,6,9,Comunicação,Comunicação,0.19,1419
2013-07-01,2013,7,1,Alimentação e bebidas,Alimentação,-0.33,1419
2013-07-01,2013,7,2,Habitação,Habitação,0.57,1419
2013-07-01,2013,7,3,Artigos de residência,Residência,0.28,1419
2013-07-01,2013,7,4,Vestuário,Vestuário,-0.39,1419
2013-07-01,2013,7,5,Transportes,Transportes,-0.66,1419
2013-07-01,2013,7,6,Saúde e cuidados pessoais,Saúde,0.34,1419
2013-07-01,2013,7,7,Despesas pessoais,Pessoais,1.13,1419
2013-07-01,2013,7,8,Educação,Educação,0.11,1419
2013-07-01,2013,7,9,Comunicação,Comunicação,0.2,1419
2013-08-01,2013,8,1,Alimentação e bebidas,Alimentação,0.01,1419
2013-08-01,2013,8,2,Habitação,Habitação,0.57,1419
2013-08-01,2013,8,3,Artigos de residência,Residência,0.89,1419
2013-08-01,2013,8,4,Vestuário,Vestuário,0.08,1419
2013-08-01,2013,8,5,Transportes,Transportes,-0.06,1419
2013-08-01,2013,8,6,Saúde e cuidados pessoais,Saúde,0.45,1419
2013-08-01,2013,8,7,Despesas pessoais,Pessoais,0.39,1419
2013-08-01,2013,8,8,Educação,Educação,0.67,1419
2013-08-01,2013,8,9,Comunicação,Comunicação,0.02,1419
2013-09-01,2013,9,1,Alimentação e bebidas,Alimentação,0.14,1419
2013-09-01,2013,9,2,Habitação,Habitação,0.62,1419
2013-09-01,2013,9,3,Artigos de residência,Residência,0.65,1419
2013-09-01,2013,9,4,Vestuário,Vestuário,0.63,1419
2013-09-01,2013,9,5,Transportes,Transportes,0.44,1419
2013-09-01,2013,9,6,Saúde e cuidados pessoais,Saúde,0.46,1419
2013-09-01,2013,9,7,Despesas pessoais,Pessoais,0.2,1419
2013-09-01,2013,9,8,Educação,Educação,0.12,1419
2013-09-01,2013,9,9,Comunicação,Comunicação,-0.04,1419
2013-10-01,2013,10,1,Alimentação e bebidas,Alimentação,1.03,1419
2013-10-01,2013,10,2,Habitação,Habitação,0.56,1419
2013-10-01,2013,10,3,Artigos de residência,Residência,0.81,1419
2013-10-01,2013,10,4,Vestuário,Vestuário,1.13,1419
2013-10-01,2013,10,5,Transportes,Transportes,0.17,1419
2013-10-01,2013,10,6,Saúde e cuidados pessoais,Saúde,0.39,1419
2013-10-01,2013,10,7,Despesas pessoais,Pessoais,0.43,1419
2013-10-01,2013,10,8,Educação,Educação,0.09,1419
2013-10-01,2013,10,9,Comunicação,Comunicação,0.08,1419
2013-11-01,2013,11,1,Alimentação e bebidas,Alimentação,0.56,1419
2013-11-01,2013,11,2,Habitação,Habitação,0.69,1419
2013-11-01,2013,11,3,Artigos de residência,Residência,0.38,1419
2013-11-01,2013,11,4,Vestuário,Vestuário,0.85,1419
2013-11-01,2013,11,5,Transportes,Transportes,0.36,1419
2013-11-01,2013,11,6,Saúde e cuidados pessoais,Saúde,0.41,1419
2013-11-01,2013,11,7,Despesas pessoais,Pessoais,0.87,1419
2013-11-01,2013,11,8,Educação,Educação,0.08,1419
2013-11-01,2013,11,9,Comunicação,Comunicação,0.4,1419
2013-12-01,2013,12,1,Alimentação e bebidas,Alimentação,0.89,1419
2013-12-01,2013,12,2,Habitação,Habitação,0.52,1419
2013-12-01,2013,12,3,Artigos de residência,Residência,0.89,1419
2013-12-01,2013,12,4,Vestuário,Vestuário,0.8,1419
2013-12-01,2013,12,5,Transportes,Transportes,1.85,1419
2013-12-01,2013,12,6,Saúde e cuidados pessoais,Saúde,0.41,1419
2013-12-01,2013,12,7,Despesas pessoais,Pessoais,1,1419
2013-12-01,2013,12,8,Educação,Educação,0.05,1419
2013-12-01,2013,12,9,Comunicação,Comunicação,0.74,1419
2014-01-01,2014,1,1,Alimentação e bebidas,Alimentação,0.84,1419
2014-01-01,2014,1,2,Habitação,Habitação,0.55,1419
2014-01-01,2014,1,3,Artigos de residência,Residência,0.49,1419
2014-01-01,2014,1,4,Vestuário,Vestuário,-0.15,1419
2014-01-01,2014,1,5,Transportes,Transportes,-0.03,1419
2014-01-01,2014,1,6,Saúde e cuidados pessoais,Saúde,0.48,1419
2014-01-01,2014,1,7,Despesas pessoais,Pessoais,1.72,1419
2014-01-01,2014,1,8,Educação,Educação,0.57,1419
2014-01-01,2014,1,9,Comunicação,Comunicação,0.03,1419
2014-02-01,2014,2,1,Alimentação e bebidas,Alimentação,0.56,1419
2014-02-01,2014,2,2,Habitação,Habitação,0.77,1419
2014-02-01,2014,2,3,Artigos de residência,Residência,1.07,1419
2014-02-01,2014,2,4,Vestuário,Vestuário,-0.4,1419
2014-02-01,2014,2,5,Transportes,Transportes,-0.05,1419
2014-02-01,2014,2,6,Saúde e cuidados pessoais,Saúde,0.74,1419
2014-02-01,2014,2,7,Despesas pessoais,Pessoais,0.69,1419
2014-02-01,2014,2,8,Educação,Educação,5.97,1419
2014-02-01,2014,2,9,Comunicação,Comunicação,0.14,1419
2014-03-01,2014,3,1,Alimentação e bebidas,Alimentação,1.92,1419
2014-03-01,2014,3,2,Habitação,Habitação,0.33,1419
2014-03-01,2014,3,3,Artigos de residência,Residência,0.38,1419
2014-03-01,2014,3,4,Vestuário,Vestuário,0.31,1419
2014-03-01,2014,3,5,Transportes,Transportes,1.38,1419
2014-03-01,2014,3,6,Saúde e cuidados pessoais,Saúde,0.43,1419
2014-03-01,2014,3,7,Despesas pessoais,Pessoais,0.79,1419
2014-03-01,2014,3,8,Educação,Educação,0.53,1419
2014-03-01,2014,3,9,Comunicação,Comunicação,-1.26,1419
2014-04-01,2014,4,1,Alimentação e bebidas,Alimentação,1.19,1419
2014-04-01,2014,4,2,Habitação,Habitação,0.87,1419
2014-04-01,2014,4,3,Artigos de residência,Residência,0.2,1419
2014-04-01,2014,4,4,Vestuário,Vestuário,0.47,1419
2014-04-01,2014,4,5,Transportes,Transportes,0.32,1419
2014-04-01,2014,4,6,Saúde e cuidados pessoais,Saúde,1.01,1419
2014-04-01,2014,4,7,Despesas pessoais,Pessoais,0.31,1419
2014-04-01,2014,4,8,Educação,Educação,0.03,1419
2014-04-01,2014,4,9,Comunicação,Comunicação,0.02,1419
2014-05-01,2014,5,1,Alimentação e bebidas,Alimentação,0.58,1419
2014-05-01,2014,5,2,Habitação,Habitação,0.61,1419
2014-05-01,2014,5,3,Artigos de residência,Residência,1.03,1419
2014-05-01,2014,5,4,Vestuário,Vestuário,0.84,1419
2014-05-01,2014,5,5,Transportes,Transportes,-0.45,1419
2014-05-01,2014,5,6,Saúde e cuidados pessoais,Saúde,0.98,1419
2014-05-01,2014,5,7,Despesas pessoais,Pessoais,0.8,1419
2014-05-01,2014,5,8,Educação,Educação,0.13,1419
2014-05-01,2014,5,9,Comunicação,Comunicação,0.11,1419
2014-06-01,2014,6,1,Alimentação e bebidas,Alimentação,-0.11,1419
2014-06-01,2014,6,2,Habitação,Habitação,0.55,1419
2014-06-01,2014,6,3,Artigos de residência,Residência,0.38,1419
2014-06-01,2014,6,4,Vestuário,Vestuário,0.49,1419
2014-06-01,2014,6,5,Transportes,Transportes,0.37,1419
2014-06-01,2014,6,6,Saúde e cuidados pessoais,Saúde,0.6,1419
2014-06-01,2014,6,7,Despesas pessoais,Pessoais,1.57,1419
2014-06-01,2014,6,8,Educação,Educação,0.02,1419
2014-06-01,2014,6,9,Comunicação,Comunicação,-0.02,1419
2014-07-01,2014,7,1,Alimentação e bebidas,Alimentação,-0.15,1419
2014-07-01,2014,7,2,Habitação,Habitação,1.2,1419
2014-07-01,2014,7,3,Artigos de residência,Residência,0.86,1419
2014-07-01,2014,7,4,Vestuário,Vestuário,-0.24,1419
2014-07-01,2014,7,5,Transportes,Transportes,-0.98,1419
2014-07-01,2014,7,6,Saúde e cuidados pessoais,Saúde,0.5,1419
2014-07-01,2014,7,7,Despesas pessoais,Pessoais,0.12,1419
2014-07-01,2014,7,8,Educação,Educação,0.04,1419
2014-07-01,2014,7,9,Comunicação,Comunicação,-0.79,1419
2014-08-01,2014,8,1,Alimentação e bebidas,Alimentação,-0.15,1419
2014-08-01,2014,8,2,Habitação,Habitação,0.94,1419
2014-08-01,2014,8,3,Artigos de residência,Residência,0.47,1419
2014-08-01,2014,8,4,Vestuário,Vestuário,-0.15,1419
2014-08-01,2014,8,5,Transportes,Transportes,0.33,1419
2014-08-01,2014,8,6,Saúde e cuidados pessoais,Saúde,0.41,1419
2014-08-01,2014,8,7,Despesas pessoais,Pessoais,0.09,1419
2014-08-01,2014,8,8,Educação,Educação,0.43,1419
2014-08-01,2014,8,9,Comunicação,Comunicação,0.1,1419
2014-09-01,2014,9,1,Alimentação e bebidas,Alimentação,0.78,1419
2014-09-01,2014,9,2,Habitação,Habitação,0.77,1419
2014-09-01,2014,9,3,Artigos de residência,Residência,0.34,1419
2014-09-01,2014,9,4,Vestuário,Vestuário,0.57,1419
2014-09-01,2014,9,5,Transportes,Transportes,0.63,1419
2014-09-01,2014,9,6,Saúde e cuidados pessoais,Saúde,0.33,1419
2014-09-01,2014,9,7,Despesas pessoais,Pessoais,0.39,1419
2014-09-01,2014,9,8,Educação,Educação,0.18,1419
2014-09-01,2014,9,9,Comunicação,Comunicação,0.13,1419
2014-10-01,2014,10,1,Alimentação e bebidas,Alimentação,0.46,1419
2014-10-01,2014,10,2,Habitação,Habitação,0.68,1419
2014-10-01,2014,10,3,Artigos de residência,Residência,0.19,1419
2014-10-01,2014,10,4,Vestuário,Vestuário,0.62,1419
2014-10-01,2014,10,5,Transportes,Transportes,0.39,1419
2014-10-01,2014,10,6,Saúde e cuidados pessoais,Saúde,0.39,1419
2014-10-01,2014,10,7,Despesas pessoais,Pessoais,0.36,1419
2014-10-01,2014,10,8,Educação,Educação,0.11,1419
2014-10-01,2014,10,9,Comunicação,Comunicação,-0.05,1419
2014-11-01,2014,11,1,Alimentação e bebidas,Alimentação,0.77,1419
2014-11-01,2014,11,2,Habitação,Habitação,0.69,1419
2014-11-01,2014,11,3,Artigos de residência,Residência,-0.04,1419
2014-11-01,2014,11,4,Vestuário,Vestuário,0.39,1419
2014-11-01,2014,11,5,Transportes,Transportes,0.43,1419
2014-11-01,2014,11,6,Saúde e cuidados pessoais,Saúde,0.42,1419
2014-11-01,2014,11,7,Despesas pessoais,Pessoais,0.48,1419
2014-11-01,2014,11,8,Educação,Educação,0.21,1419
2014-11-01,2014,11,9,Comunicação,Comunicação,0.08,1419
2014-12-01,2014,12,1,Alimentação e bebidas,Alimentação,1.08,1419
2014-12-01,2014,12,2,Habitação,Habitação,0.51,1419
2014-12-01,2014,12,3,Artigos de residência,Residência,0,1419
2014-12-01,2014,12,4,Vestuário,Vestuário,0.85,1419
2014-12-01,2014,12,5,Transportes,Transportes,1.38,1419
2014-12-01,2014,12,6,Saúde e cuidados pessoais,Saúde,0.47,1419
2014-12-01,2014,12,7,Despesas pessoais,Pessoais,0.7,1419
2014-12-01,2014,12,8,Educação,Educação,0.07,1419
2014-12-01,2014,12,9,Comunicação,Comunicação,0,1419
2015-01-01,2015,1,1,Alimentação e bebidas,Alimentação,1.48,1419
2015-01-01,2015,1,2,Habitação,Habitação,2.42,1419
2015-01-01,2015,1,3,Artigos de residência,Residência,-0.28,1419
2015-01-01,2015,1,4,Vestuário,Vestuário,-0.69,1419
2015-01-01,2015,1,5,Transportes,Transportes,1.83,1419
2015-01-01,2015,1,6,Saúde e cuidados pessoais,Saúde,0.32,1419
2015-01-01,2015,1,7,Despesas pessoais,Pessoais,1.68,1419
2015-01-01,2015,1,8,Educação,Educação,0.31,1419
2015-01-01,2015,1,9,Comunicação,Comunicação,0.15,1419
2015-02-01,2015,2,1,Alimentação e bebidas,Alimentação,0.81,1419
2015-02-01,2015,2,2,Habitação,Habitação,1.22,1419
2015-02-01,2015,2,3,Artigos de residência,Residência,0.87,1419
2015-02-01,2015,2,4,Vestuário,Vestuário,-0.6,1419
2015-02-01,2015,2,5,Transportes,Transportes,2.2,1419
2015-02-01,2015,2,6,Saúde e cuidados pessoais,Saúde,0.6,1419
2015-02-01,2015,2,7,Despesas pessoais,Pessoais,0.86,1419
2015-02-01,2015,2,8,Educação,Educação,5.88,1419
2015-02-01,2015,2,9,Comunicação,Comunicação,-0.02,1419
2015-03-01,2015,3,1,Alimentação e bebidas,Alimentação,1.17,1419
2015-03-01,2015,3,2,Habitação,Habitação,5.29,1419
2015-03-01,2015,3,3,Artigos de residência,Residência,0.35,1419
2015-03-01,2015,3,4,Vestuário,Vestuário,0.59,1419
2015-03-01,2015,3,5,Transportes,Transportes,0.46,1419
2015-03-01,2015,3,6,Saúde e cuidados pessoais,Saúde,0.69,1419
2015-03-01,2015,3,7,Despesas pessoais,Pessoais,0.36,1419
2015-03-01,2015,3,8,Educação,Educação,0.75,1419
2015-03-01,2015,3,9,Comunicação,Comunicação,-1.16,1419
2015-04-01,2015,4,1,Alimentação e bebidas,Alimentação,0.97,1419
2015-04-01,2015,4,2,Habitação,Habitação,0.93,1419
2015-04-01,2015,4,3,Artigos de residência,Residência,0.66,1419
2015-04-01,2015,4,4,Vestuário,Vestuário,0.91,1419
2015-04-01,2015,4,5,Transportes,Transportes,0.11,1419
2015-04-01,2015,4,6,Saúde e cuidados pessoais,Saúde,1.32,1419
2015-04-01,2015,4,7,Despesas pessoais,Pessoais,0.51,1419
2015-04-01,2015,4,8,Educação,Educação,0.21,1419
2015-04-01,2015,4,9,Comunicação,Comunicação,0.31,1419
2015-05-01,2015,5,1,Alimentação e bebidas,Alimentação,1.37,1419
2015-05-01,2015,5,2,Habitação,Habitação,1.22,1419
2015-05-01,2015,5,3,Artigos de residência,Residência,0.36,1419
2015-05-01,2015,5,4,Vestuário,Vestuário,0.61,1419
2015-05-01,2015,5,5,Transportes,Transportes,-0.29,1419
2015-05-01,2015,5,6,Saúde e cuidados pessoais,Saúde,1.1,1419
2015-05-01,2015,5,7,Despesas pessoais,Pessoais,0.74,1419
2015-05-01,2015,5,8,Educação,Educação,0.06,1419
2015-05-01,2015,5,9,Comunicação,Comunicação,0.17,1419
2015-06-01,2015,6,1,Alimentação e bebidas,Alimentação,0.63,1419
2015-06-01,2015,6,2,Habitação,Habitação,0.86,1419
2015-06-01,2015,6,3,Artigos de residência,Residência,0.72,1419
2015-06-01,2015,6,4,Vestuário,Vestuário,0.58,1419
2015-06-01,2015,6,5,Transportes,Transportes,0.7,1419
2015-06-01,2015,6,6,Saúde e cuidados pessoais,Saúde,0.91,1419
2015-06-01,2015,6,7,Despesas pessoais,Pessoais,1.63,1419
2015-06-01,2015,6,8,Educação,Educação,0.2,1419
2015-06-01,2015,6,9,Comunicação,Comunicação,0.34,1419
2015-07-01,2015,7,1,Alimentação e bebidas,Alimentação,0.65,1419
2015-07-01,2015,7,2,Habitação,Habitação,1.52,1419
2015-07-01,2015,7,3,Artigos de residência,Residência,0.86,1419
2015-07-01,2015,7,4,Vestuário,Vestuário,-0.31,1419
2015-07-01,2015,7,5,Transportes,Transportes,0.15,1419
2015-07-01,2015,7,6,Saúde e cuidados pessoais,Saúde,0.84,1419
2015-07-01,2015,7,7,Despesas pessoais,Pessoais,0.61,1419
2015-07-01,2015,7,8,Educação,Educação,0,1419
2015-07-01,2015,7,9,Comunicação,Comunicação,0.3,1419
2015-08-01,2015,8,1,Alimentação e bebidas,Alimentação,-0.01,1419
2015-08-01,2015,8,2,Habitação,Habitação,0.29,1419
2015-08-01,2015,8,3,Artigos de residência,Residência,0.37,1419
2015-08-01,2015,8,4,Vestuário,Vestuário,0.2,1419
2015-08-01,2015,8,5,Transportes,Transportes,-0.27,1419
2015-08-01,2015,8,6,Saúde e cuidados pessoais,Saúde,0.62,1419
2015-08-01,2015,8,7,Despesas pessoais,Pessoais,0.75,1419
2015-08-01,2015,8,8,Educação,Educação,0.82,1419
2015-08-01,2015,8,9,Comunicação,Comunicação,0.14,1419
2015-09-01,2015,9,1,Alimentação e bebidas,Alimentação,0.24,1419
2015-09-01,2015,9,2,Habitação,Habitação,1.3,1419
2015-09-01,2015,9,3,Artigos de residência,Residência,0.19,1419
2015-09-01,2015,9,4,Vestuário,Vestuário,0.5,1419
2015-09-01,2015,9,5,Transportes,Transportes,0.71,1419
2015-09-01,2015,9,6,Saúde e cuidados pessoais,Saúde,0.55,1419
2015-09-01,2015,9,7,Despesas pessoais,Pessoais,0.33,1419
2015-09-01,2015,9,8,Educação,Educação,0.25,1419
2015-09-01,2015,9,9,Comunicação,Comunicação,0.01,1419
2015-10-01,2015,10,1,Alimentação e bebidas,Alimentação,0.77,1419
2015-10-01,2015,10,2,Habitação,Habitação,0.75,1419
2015-10-01,2015,10,3,Artigos de residência,Residência,0.39,1419
2015-10-01,2015,10,4,Vestuário,Vestuário,0.67,1419
2015-10-01,2015,10,5,Transportes,Transportes,1.72,1419
2015-10-01,2015,10,6,Saúde e cuidados pessoais,Saúde,0.55,1419
2015-10-01,2015,10,7,Despesas pessoais,Pessoais,0.57,1419
2015-10-01,2015,10,8,Educação,Educação,0.1,1419
2015-10-01,2015,10,9,Comunicação,Comunicação,0.39,1419
2015-11-01,2015,11,1,Alimentação e bebidas,Alimentação,1.83,1419
2015-11-01,2015,11,2,Habitação,Habitação,0.76,1419
2015-11-01,2015,11,3,Artigos de residência,Residência,0.31,1419
2015-11-01,2015,11,4,Vestuário,Vestuário,0.79,1419
2015-11-01,2015,11,5,Transportes,Transportes,1.08,1419
2015-11-01,2015,11,6,Saúde e cuidados pessoais,Saúde,0.64,1419
2015-11-01,2015,11,7,Despesas pessoais,Pessoais,0.52,1419
2015-11-01,2015,11,8,Educação,Educação,0.22,1419
2015-11-01,2015,11,9,Comunicação,Comunicação,1.03,1419
2015-12-01,2015,12,1,Alimentação e bebidas,Alimentação,1.5,1419
2015-12-01,2015,12,2,Habitação,Habitação,0.49,1419
2015-12-01,2015,12,3,Artigos de residência,Residência,0.46,1419
2015-12-01,2015,12,4,Vestuário,Vestuário,1.15,1419
2015-12-01,2015,12,5,Transportes,Transportes,1.36,1419
2015-12-01,2015,12,6,Saúde e cuidados pessoais,Saúde,0.7,1419
2015-12-01,2015,12,7,Despesas pessoais,Pessoais,0.57,1419
2015-12-01,2015,12,8,Educação,Educação,0.22,1419
2015-12-01,2015,12,9,Comunicação,Comunicação,0.43,1419
2016-01-01,2016,1,1,Alimentação e bebidas,Alimentação,2.28,1419
2016-01-01,2016,1,2,Habitação,Habitação,0.81,1419
2016-01-01,2016,1,3,Artigos de residência,Residência,0.45,1419
2016-01-01,2016,1,4,Vestuário,Vestuário,-0.24,1419
2016-01-01,2016,1,5,Transportes,Transportes,1.77,1419
2016-01-01,2016,1,6,Saúde e cuidados pessoais,Saúde,0.81,1419
2016-01-01,2016,1,7,Despesas pessoais,Pessoais,1.19,1419
2016-01-01,2016,1,8,Educação,Educação,0.31,1419
2016-01-01,2016,1,9,Comunicação,Comunicação,0.22,1419
2016-02-01,2016,2,1,Alimentação e bebidas,Alimentação,1.06,1419
2016-02-01,2016,2,2,Habitação,Habitação,-0.15,1419
2016-02-01,2016,2,3,Artigos de residência,Residência,1.01,1419
2016-02-01,2016,2,4,Vestuário,Vestuário,0.24,1419
2016-02-01,2016,2,5,Transportes,Transportes,0.62,1419
2016-02-01,2016,2,6,Saúde e cuidados pessoais,Saúde,0.94,1419
2016-02-01,2016,2,7,Despesas pessoais,Pessoais,0.77,1419
2016-02-01,2016,2,8,Educação,Educação,5.9,1419
2016-02-01,2016,2,9,Comunicação,Comunicação,0.66,1419
2016-03-01,2016,3,1,Alimentação e bebidas,Alimentação,1.24,1419
2016-03-01,2016,3,2,Habitação,Habitação,-0.64,1419
2016-03-01,2016,3,3,Artigos de residência,Residência,0.7,1419
2016-03-01,2016,3,4,Vestuário,Vestuário,0.69,1419
2016-03-01,2016,3,5,Transportes,Transportes,0.16,1419
2016-03-01,2016,3,6,Saúde e cuidados pessoais,Saúde,0.78,1419
2016-03-01,2016,3,7,Despesas pessoais,Pessoais,0.6,1419
2016-03-01,2016,3,8,Educação,Educação,0.63,1419
2016-03-01,2016,3,9,Comunicação,Comunicação,-1.65,1419
2016-04-01,2016,4,1,Alimentação e bebidas,Alimentação,1.09,1419
2016-04-01,2016,4,2,Habitação,Habitação,-0.38,1419
2016-04-01,2016,4,3,Artigos de residência,Residência,0.26,1419
2016-04-01,2016,4,4,Vestuário,Vestuário,0.4,1419
2016-04-01,2016,4,5,Transportes,Transportes,0.03,1419
2016-04-01,2016,4,6,Saúde e cuidados pessoais,Saúde,2.33,1419
2016-04-01,2016,4,7,Despesas pessoais,Pessoais,0.23,1419
2016-04-01,2016,4,8,Educação,Educação,0.2,1419
2016-04-01,2016,4,9,Comunicação,Comunicação,1.47,1419
2016-05-01,2016,5,1,Alimentação e bebidas,Alimentação,0.78,1419
2016-05-01,2016,5,2,Habitação,Habitação,1.79,1419
2016-05-01,2016,5,3,Artigos de residência,Residência,0.63,1419
2016-05-01,2016,5,4,Vestuário,Vestuário,0.91,1419
2016-05-01,2016,5,5,Transportes,Transportes,-0.58,1419
2016-05-01,2016,5,6,Saúde e cuidados pessoais,Saúde,1.62,1419
2016-05-01,2016,5,7,Despesas pessoais,Pessoais,1.35,1419
2016-05-01,2016,5,8,Educação,Educação,0.16,1419
2016-05-01,2016,5,9,Comunicação,Comunicação,0.01,1419
2016-06-01,2016,6,1,Alimentação e bebidas,Alimentação,0.71,1419
2016-06-01,2016,6,2,Habitação,Habitação,0.63,1419
2016-06-01,2016,6,3,Artigos de residência,Residência,0.26,1419
2016-06-01,2016,6,4,Vestuário,Vestuário,0.32,1419
2016-06-01,2016,6,5,Transportes,Transportes,-0.53,1419
2016-06-01,2016,6,6,Saúde e cuidados pessoais,Saúde,0.83,1419
2016-06-01,2016,6,7,Despesas pessoais,Pessoais,0.35,1419
2016-06-01,2016,6,8,Educação,Educação,0.11,1419
2016-06-01,2016,6,9,Comunicação,Comunicação,0.04,1419
2016-07-01,2016,7,1,Alimentação e bebidas,Alimentação,1.32,1419
2016-07-01,2016,7,2,Habitação,Habitação,-0.29,1419
2016-07-01,2016,7,3,Artigos de residência,Residência,0.53,1419
2016-07-01,2016,7,4,Vestuário,Vestuário,-0.38,1419
2016-07-01,2016,7,5,Transportes,Transportes,0.4,1419
2016-07-01,2016,7,6,Saúde e cuidados pessoais,Saúde,0.61,1419
2016-07-01,2016,7,7,Despesas pessoais,Pessoais,0.7,1419
2016-07-01,2016,7,8,Educação,Educação,0.04,1419
2016-07-01,2016,7,9,Comunicação,Comunicação,0.02,1419
2016-08-01,2016,8,1,Alimentação e bebidas,Alimentação,0.3,1419
2016-08-01,2016,8,2,Habitação,Habitação,0.3,1419
2016-08-01,2016,8,3,Artigos de residência,Residência,0.36,1419
2016-08-01,2016,8,4,Vestuário,Vestuário,0.15,1419
2016-08-01,2016,8,5,Transportes,Transportes,0.27,1419
2016-08-01,2016,8,6,Saúde e cuidados pessoais,Saúde,0.8,1419
2016-08-01,2016,8,7,Despesas pessoais,Pessoais,0.96,1419
2016-08-01,2016,8,8,Educação,Educação,0.99,1419
2016-08-01,2016,8,9,Comunicação,Comunicação,-0.02,1419
2016-09-01,2016,9,1,Alimentação e bebidas,Alimentação,-0.29,1419
2016-09-01,2016,9,2,Habitação,Habitação,0.63,1419
2016-09-01,2016,9,3,Artigos de residência,Residência,-0.23,1419
2016-09-01,2016,9,4,Vestuário,Vestuário,0.43,1419
2016-09-01,2016,9,5,Transportes,Transportes,-0.1,1419
2016-09-01,2016,9,6,Saúde e cuidados pessoais,Saúde,0.33,1419
2016-09-01,2016,9,7,Despesas pessoais,Pessoais,0.1,1419
2016-09-01,2016,9,8,Educação,Educação,0.18,1419
2016-09-01,2016,9,9,Comunicação,Comunicação,0.18,1419
2016-10-01,2016,10,1,Alimentação e bebidas,Alimentação,-0.05,1419
2016-10-01,2016,10,2,Habitação,Habitação,0.42,1419
2016-10-01,2016,10,3,Artigos de residência,Residência,-0.13,1419
2016-10-01,2016,10,4,Vestuário,Vestuário,0.45,1419
2016-10-01,2016,10,5,Transportes,Transportes,0.75,1419
2016-10-01,2016,10,6,Saúde e cuidados pessoais,Saúde,0.43,1419
2016-10-01,2016,10,7,Despesas pessoais,Pessoais,0.01,1419
2016-10-01,2016,10,8,Educação,Educação,0.02,1419
2016-10-01,2016,10,9,Comunicação,Comunicação,0.07,1419
2016-11-01,2016,11,1,Alimentação e bebidas,Alimentação,-0.2,1419
2016-11-01,2016,11,2,Habitação,Habitação,0.3,1419
2016-11-01,2016,11,3,Artigos de residência,Residência,-0.16,1419
2016-11-01,2016,11,4,Vestuário,Vestuário,0.2,1419
2016-11-01,2016,11,5,Transportes,Transportes,0.28,1419
2016-11-01,2016,11,6,Saúde e cuidados pessoais,Saúde,0.57,1419
2016-11-01,2016,11,7,Despesas pessoais,Pessoais,0.47,1419
2016-11-01,2016,11,8,Educação,Educação,0.06,1419
2016-11-01,2016,11,9,Comunicação,Comunicação,0.27,1419
2016-12-01,2016,12,1,Alimentação e bebidas,Alimentação,0.08,1419
2016-12-01,2016,12,2,Habitação,Habitação,-0.59,1419
2016-12-01,2016,12,3,Artigos de residência,Residência,-0.31,1419
2016-12-01,2016,12,4,Vestuário,Vestuário,0.32,1419
2016-12-01,2016,12,5,Transportes,Transportes,1.11,1419
2016-12-01,2016,12,6,Saúde e cuidados pessoais,Saúde,0.49,1419
2016-12-01,2016,12,7,Despesas pessoais,Pessoais,1.01,1419
2016-12-01,2016,12,8,Educação,Educação,0.07,1419
2016-12-01,2016,12,9,Comunicação,Comunicação,0.02,1419
2017-01-01,2017,1,1,Alimentação e bebidas,Alimentação,0.35,1419
2017-01-01,2017,1,2,Habitação,Habitação,0.17,1419
2017-01-01,2017,1,3,Artigos de residência,Residência,-0.1,1419
2017-01-01,2017,1,4,Vestuário,Vestuário,-0.36,1419
2017-01-01,2017,1,5,Transportes,Transportes,0.77,1419
2017-01-01,2017,1,6,Saúde e cuidados pessoais,Saúde,0.55,1419
2017-01-01,2017,1,7,Despesas pessoais,Pessoais,0.45,1419
2017-01-01,2017,1,8,Educação,Educação,0.29,1419
2017-01-01,2017,1,9,Comunicação,Comunicação,0.63,1419
2017-02-01,2017,2,1,Alimentação e bebidas,Alimentação,-0.45,1419
2017-02-01,2017,2,2,Habitação,Habitação,0.24,1419
2017-02-01,2017,2,3,Artigos de residência,Residência,0.18,1419
2017-02-01,2017,2,4,Vestuário,Vestuário,-0.13,1419
2017-02-01,2017,2,5,Transportes,Transportes,0.24,1419
2017-02-01,2017,2,6,Saúde e cuidados pessoais,Saúde,0.65,1419
2017-02-01,2017,2,7,Despesas pessoais,Pessoais,0.31,1419
2017-02-01,2017,2,8,Educação,Educação,5.04,1419
2017-02-01,2017,2,9,Comunicação,Comunicação,0.66,1419
2017-03-01,2017,3,1,Alimentação e bebidas,Alimentação,0.34,1419
2017-03-01,2017,3,2,Habitação,Habitação,1.18,1419
2017-03-01,2017,3,3,Artigos de residência,Residência,-0.29,1419
2017-03-01,2017,3,4,Vestuário,Vestuário,-0.12,1419
2017-03-01,2017,3,5,Transportes,Transportes,-0.86,1419
2017-03-01,2017,3,6,Saúde e cuidados pessoais,Saúde,0.69,1419
2017-03-01,2017,3,7,Despesas pessoais,Pessoais,0.52,1419
2017-03-01,2017,3,8,Educação,Educação,0.95,1419
2017-03-01,2017,3,9,Comunicação,Comunicação,-0.63,1419
2017-04-01,2017,4,1,Alimentação e bebidas,Alimentação,0.58,1419
2017-04-01,2017,4,2,Habitação,Habitação,-1.09,1419
2017-04-01,2017,4,3,Artigos de residência,Residência,-0.28,1419
2017-04-01,2017,4,4,Vestuário,Vestuário,0.48,1419
2017-04-01,2017,4,5,Transportes,Transportes,-0.06,1419
2017-04-01,2017,4,6,Saúde e cuidados pessoais,Saúde,1,1419
2017-04-01,2017,4,7,Despesas pessoais,Pessoais,0.09,1419
2017-04-01,2017,4,8,Educação,Educação,0.03,1419
2017-04-01,2017,4,9,Comunicação,Comunicação,0.55,1419
2017-05-01,2017,5,1,Alimentação e bebidas,Alimentação,-0.35,1419
2017-05-01,2017,5,2,Habitação,Habitação,2.14,1419
2017-05-01,2017,5,3,Artigos de residência,Residência,-0.23,1419
2017-05-01,2017,5,4,Vestuário,Vestuário,0.98,1419
2017-05-01,2017,5,5,Transportes,Transportes,-0.42,1419
2017-05-01,2017,5,6,Saúde e cuidados pessoais,Saúde,0.62,1419
2017-05-01,2017,5,7,Despesas pessoais,Pessoais,0.23,1419
2017-05-01,2017,5,8,Educação,Educação,0.08,1419
2017-05-01,2017,5,9,Comunicação,Comunicação,0.09,1419
2017-06-01,2017,6,1,Alimentação e bebidas,Alimentação,-0.5,1419
2017-06-01,2017,6,2,Habitação,Habitação,-0.77,1419
2017-06-01,2017,6,3,Artigos de residência,Residência,-0.07,1419
2017-06-01,2017,6,4,Vestuário,Vestuário,0.21,1419
2017-06-01,2017,6,5,Transportes,Transportes,-0.52,1419
2017-06-01,2017,6,6,Saúde e cuidados pessoais,Saúde,0.46,1419
2017-06-01,2017,6,7,Despesas pessoais,Pessoais,0.33,1419
2017-06-01,2017,6,8,Educação,Educação,0.08,1419
2017-06-01,2017,6,9,Comunicação,Comunicação,0.09,1419
2017-07-01,2017,7,1,Alimentação e bebidas,Alimentação,-0.47,1419
2017-07-01,2017,7,2,Habitação,Habitação,1.64,1419
2017-07-01,2017,7,3,Artigos de residência,Residência,-0.23,1419
2017-07-01,2017,7,4,Vestuário,Vestuário,-0.42,1419
2017-07-01,2017,7,5,Transportes,Transportes,0.34,1419
2017-07-01,2017,7,6,Saúde e cuidados pessoais,Saúde,0.37,1419
2017-07-01,2017,7,7,Despesas pessoais,Pessoais,0.36,1419
2017-07-01,2017,7,8,Educação,Educação,-0.02,1419
2017-07-01,2017,7,9,Comunicação,Comunicação,-0.02,1419
2017-08-01,2017,8,1,Alimentação e bebidas,Alimentação,-1.07,1419
2017-08-01,2017,8,2,Habitação,Habitação,0.57,1419
2017-08-01,2017,8,3,Artigos de residência,Residência,0.2,1419
2017-08-01,2017,8,4,Vestuário,Vestuário,0.29,1419
2017-08-01,2017,8,5,Transportes,Transportes,1.53,1419
2017-08-01,2017,8,6,Saúde e cuidados pessoais,Saúde,0.41,1419
2017-08-01,2017,8,7,Despesas pessoais,Pessoais,0.29,1419
2017-08-01,2017,8,8,Educação,Educação,0.24,1419
2017-08-01,2017,8,9,Comunicação,Comunicação,-0.56,1419
2017-09-01,2017,9,1,Alimentação e bebidas,Alimentação,-0.41,1419
2017-09-01,2017,9,2,Habitação,Habitação,-0.12,1419
2017-09-01,2017,9,3,Artigos de residência,Residência,0.13,1419
2017-09-01,2017,9,4,Vestuário,Vestuário,0.28,1419
2017-09-01,2017,9,5,Transportes,Transportes,0.79,1419
2017-09-01,2017,9,6,Saúde e cuidados pessoais,Saúde,0.32,1419
2017-09-01,2017,9,7,Despesas pessoais,Pessoais,0.56,1419
2017-09-01,2017,9,8,Educação,Educação,0.04,1419
2017-09-01,2017,9,9,Comunicação,Comunicação,0.5,1419
2017-10-01,2017,10,1,Alimentação e bebidas,Alimentação,-0.05,1419
2017-10-01,2017,10,2,Habitação,Habitação,1.33,1419
2017-10-01,2017,10,3,Artigos de residência,Residência,-0.39,1419
2017-10-01,2017,10,4,Vestuário,Vestuário,0.71,1419
2017-10-01,2017,10,5,Transportes,Transportes,0.49,1419
2017-10-01,2017,10,6,Saúde e cuidados pessoais,Saúde,0.52,1419
2017-10-01,2017,10,7,Despesas pessoais,Pessoais,0.32,1419
2017-10-01,2017,10,8,Educação,Educação,0.06,1419
2017-10-01,2017,10,9,Comunicação,Comunicação,0.4,1419
2017-11-01,2017,11,1,Alimentação e bebidas,Alimentação,-0.38,1419
2017-11-01,2017,11,2,Habitação,Habitação,1.27,1419
2017-11-01,2017,11,3,Artigos de residência,Residência,-0.45,1419
2017-11-01,2017,11,4,Vestuário,Vestuário,0.1,1419
2017-11-01,2017,11,5,Transportes,Transportes,0.52,1419
2017-11-01,2017,11,6,Saúde e cuidados pessoais,Saúde,0.34,1419
2017-11-01,2017,11,7,Despesas pessoais,Pessoais,0.42,1419
2017-11-01,2017,11,8,Educação,Educação,0.03,1419
2017-11-01,2017,11,9,Comunicação,Comunicação,0.15,1419
2017-12-01,2017,12,1,Alimentação e bebidas,Alimentação,0.54,1419
2017-12-01,2017,12,2,Habitação,Habitação,-0.4,1419
2017-12-01,2017,12,3,Artigos de residência,Residência,0.03,1419
2017-12-01,2017,12,4,Vestuário,Vestuário,0.84,1419
2017-12-01,2017,12,5,Transportes,Transportes,1.23,1419
2017-12-01,2017,12,6,Saúde e cuidados pessoais,Saúde,0.4,1419
2017-12-01,2017,12,7,Despesas pessoais,Pessoais,0.42,1419
2017-12-01,2017,12,8,Educação,Educação,0.15,1419
2017-12-01,2017,12,9,Comunicação,Comunicação,-0.11,1419
2018-01-01,2018,1,1,Alimentação e bebidas,Alimentação,0.74,1419
2018-01-01,2018,1,2,Habitação,Habitação,-0.85,1419
2018-01-01,2018,1,3,Artigos de residência,Residência,0.14,1419
2018-01-01,2018,1,4,Vestuário,Vestuário,-0.98,1419
2018-01-01,2018,1,5,Transportes,Transportes,1.1,1419
2018-01-01,2018,1,6,Saúde e cuidados pessoais,Saúde,0.42,1419
2018-01-01,2018,1,7,Despesas pessoais,Pessoais,0.22,1419
2018-01-01,2018,1,8,Educação,Educação,0.22,1419
2018-01-01,2018,1,9,Comunicação,Comunicação,0.11,1419
2018-02-01,2018,2,1,Alimentação e bebidas,Alimentação,-0.33,1419
2018-02-01,2018,2,2,Habitação,Habitação,0.22,1419
2018-02-01,2018,2,3,Artigos de residência,Residência,0.03,1419
2018-02-01,2018,2,4,Vestuário,Vestuário,-0.38,1419
2018-02-01,2018,2,5,Transportes,Transportes,0.74,1419
2018-02-01,2018,2,6,Saúde e cuidados pessoais,Saúde,0.38,1419
2018-02-01,2018,2,7,Despesas pessoais,Pessoais,0.17,1419
2018-02-01,2018,2,8,Educação,Educação,3.89,1419
2018-02-01,2018,2,9,Comunicação,Comunicação,0.05,1419
2018-03-01,2018,3,1,Alimentação e bebidas,Alimentação,0.07,1419
2018-03-01,2018,3,2,Habitação,Habitação,0.19,1419
2018-03-01,2018,3,3,Artigos de residência,Residência,0.08,1419
2018-03-01,2018,3,4,Vestuário,Vestuário,0.33,1419
2018-03-01,2018,3,5,Transportes,Transportes,-0.25,1419
2018-03-01,2018,3,6,Saúde e cuidados pessoais,Saúde,0.48,1419
2018-03-01,2018,3,7,Despesas pessoais,Pessoais,0.05,1419
2018-03-01,2018,3,8,Educação,Educação,0.28,1419
2018-03-01,2018,3,9,Comunicação,Comunicação,-0.33,1419
2018-04-01,2018,4,1,Alimentação e bebidas,Alimentação,0.09,1419
2018-04-01,2018,4,2,Habitação,Habitação,0.17,1419
2018-04-01,2018,4,3,Artigos de residência,Residência,0.22,1419
2018-04-01,2018,4,4,Vestuário,Vestuário,0.62,1419
2018-04-01,2018,4,5,Transportes,Transportes,0,1419
2018-04-01,2018,4,6,Saúde e cuidados pessoais,Saúde,0.91,1419
2018-04-01,2018,4,7,Despesas pessoais,Pessoais,0.12,1419
2018-04-01,2018,4,8,Educação,Educação,0.08,1419
2018-04-01,2018,4,9,Comunicação,Comunicação,-0.07,1419
2018-05-01,2018,5,1,Alimentação e bebidas,Alimentação,0.32,1419
2018-05-01,2018,5,2,Habitação,Habitação,0.83,1419
2018-05-01,2018,5,3,Artigos de residência,Residência,-0.06,1419
2018-05-01,2018,5,4,Vestuário,Vestuário,0.58,1419
2018-05-01,2018,5,5,Transportes,Transportes,0.4,1419
2018-05-01,2018,5,6,Saúde e cuidados pessoais,Saúde,0.57,1419
2018-05-01,2018,5,7,Despesas pessoais,Pessoais,0.11,1419
2018-05-01,2018,5,8,Educação,Educação,0.06,1419
2018-05-01,2018,5,9,Comunicação,Comunicação,0.16,1419
2018-06-01,2018,6,1,Alimentação e bebidas,Alimentação,2.03,1419
2018-06-01,2018,6,2,Habitação,Habitação,2.48,1419
2018-06-01,2018,6,3,Artigos de residência,Residência,0.34,1419
2018-06-01,2018,6,4,Vestuário,Vestuário,-0.16,1419
2018-06-01,2018,6,5,Transportes,Transportes,1.58,1419
2018-06-01,2018,6,6,Saúde e cuidados pessoais,Saúde,0.37,1419
2018-06-01,2018,6,7,Despesas pessoais,Pessoais,0.33,1419
2018-06-01,2018,6,8,Educação,Educação,0.02,1419
2018-06-01,2018,6,9,Comunicação,Comunicação,0,1419
2018-07-01,2018,7,1,Alimentação e bebidas,Alimentação,-0.12,1419
2018-07-01,2018,7,2,Habitação,Habitação,1.54,1419
2018-07-01,2018,7,3,Artigos de residência,Residência,0.47,1419
2018-07-01,2018,7,4,Vestuário,Vestuário,-0.6,1419
2018-07-01,2018,7,5,Transportes,Transportes,0.49,1419
2018-07-01,2018,7,6,Saúde e cuidados pessoais,Saúde,0.07,1419
2018-07-01,2018,7,7,Despesas pessoais,Pessoais,0.31,1419
2018-07-01,2018,7,8,Educação,Educação,-0.08,1419
2018-07-01,2018,7,9,Comunicação,Comunicação,0.08,1419
2018-08-01,2018,8,1,Alimentação e bebidas,Alimentação,-0.34,1419
2018-08-01,2018,8,2,Habitação,Habitação,0.44,1419
2018-08-01,2018,8,3,Artigos de residência,Residência,0.56,1419
2018-08-01,2018,8,4,Vestuário,Vestuário,0.19,1419
2018-08-01,2018,8,5,Transportes,Transportes,-1.22,1419
2018-08-01,2018,8,6,Saúde e cuidados pessoais,Saúde,0.53,1419
2018-08-01,2018,8,7,Despesas pessoais,Pessoais,0.36,1419
2018-08-01,2018,8,8,Educação,Educação,0.25,1419
2018-08-01,2018,8,9,Comunicação,Comunicação,0.03,1419
2018-09-01,2018,9,1,Alimentação e bebidas,Alimentação,0.1,1419
2018-09-01,2018,9,2,Habitação,Habitação,0.37,1419
2018-09-01,2018,9,3,Artigos de residência,Residência,0.11,1419
2018-09-01,2018,9,4,Vestuário,Vestuário,-0.02,1419
2018-09-01,2018,9,5,Transportes,Transportes,1.69,1419
2018-09-01,2018,9,6,Saúde e cuidados pessoais,Saúde,0.28,1419
2018-09-01,2018,9,7,Despesas pessoais,Pessoais,0.38,1419
2018-09-01,2018,9,8,Educação,Educação,0.24,1419
2018-09-01,2018,9,9,Comunicação,Comunicação,-0.07,1419
2018-10-01,2018,10,1,Alimentação e bebidas,Alimentação,0.59,1419
2018-10-01,2018,10,2,Habitação,Habitação,0.14,1419
2018-10-01,2018,10,3,Artigos de residência,Residência,0.76,1419
2018-10-01,2018,10,4,Vestuário,Vestuário,0.33,1419
2018-10-01,2018,10,5,Transportes,Transportes,0.92,1419
2018-10-01,2018,10,6,Saúde e cuidados pessoais,Saúde,0.27,1419
2018-10-01,2018,10,7,Despesas pessoais,Pessoais,0.25,1419
2018-10-01,2018,10,8,Educação,Educação,0.04,1419
2018-10-01,2018,10,9,Comunicação,Comunicação,0.02,1419
2018-11-01,2018,11,1,Alimentação e bebidas,Alimentação,0.39,1419
2018-11-01,2018,11,2,Habitação,Habitação,-0.71,1419
2018-11-01,2018,11,3,Artigos de residência,Residência,0.48,1419
2018-11-01,2018,11,4,Vestuário,Vestuário,-0.43,1419
2018-11-01,2018,11,5,Transportes,Transportes,-0.74,1419
2018-11-01,2018,11,6,Saúde e cuidados pessoais,Saúde,-0.71,1419
2018-11-01,2018,11,7,Despesas pessoais,Pessoais,0.36,1419
2018-11-01,2018,11,8,Educação,Educação,0.04,1419
2018-11-01,2018,11,9,Comunicação,Comunicação,-0.07,1419
2018-12-01,2018,12,1,Alimentação e bebidas,Alimentação,0.44,1419
2018-12-01,2018,12,2,Habitação,Habitação,-0.15,1419
2018-12-01,2018,12,3,Artigos de residência,Residência,0.57,1419
2018-12-01,2018,12,4,Vestuário,Vestuário,1.14,1419
2018-12-01,2018,12,5,Transportes,Transportes,-0.54,1419
2018-12-01,2018,12,6,Saúde e cuidados pessoais,Saúde,0.32,1419
2018-12-01,2018,12,7,Despesas pessoais,Pessoais,0.29,1419
2018-12-01,2018,12,8,Educação,Educação,0.21,1419
2018-12-01,2018,12,9,Comunicação,Comunicação,0.01,1419
2019-01-01,2019,1,1,Alimentação e bebidas,Alimentação,0.9,1419
2019-01-01,2019,1,2,Habitação,Habitação,0.24,1419
2019-01-01,2019,1,3,Artigos de residência,Residência,0.32,1419
2019-01-01,2019,1,4,Vestuário,Vestuário,-1.15,1419
2019-01-01,2019,1,5,Transportes,Transportes,0.02,1419
2019-01-01,2019,1,6,Saúde e cuidados pessoais,Saúde,0.26,1419
2019-01-01,2019,1,7,Despesas pessoais,Pessoais,0.61,1419
2019-01-01,2019,1,8,Educação,Educação,0.12,1419
2019-01-01,2019,1,9,Comunicação,Comunicação,0.04,1419
2019-02-01,2019,2,1,Alimentação e bebidas,Alimentação,0.78,1419
2019-02-01,2019,2,2,Habitação,Habitação,0.38,1419
2019-02-01,2019,2,3,Artigos de residência,Residência,0.2,1419
2019-02-01,2019,2,4,Vestuário,Vestuário,-0.33,1419
2019-02-01,2019,2,5,Transportes,Transportes,-0.34,1419
2019-02-01,2019,2,6,Saúde e cuidados pessoais,Saúde,0.49,1419
2019-02-01,2019,2,7,Despesas pessoais,Pessoais,0.18,1419
2019-02-01,2019,2,8,Educação,Educação,3.53,1419
2019-02-01,2019,2,9,Comunicação,Comunicação,0,1419
2019-03-01,2019,3,1,Alimentação e bebidas,Alimentação,1.37,1419
2019-03-01,2019,3,2,Habitação,Habitação,0.25,1419
2019-03-01,2019,3,3,Artigos de residência,Residência,0.27,1419
2019-03-01,2019,3,4,Vestuário,Vestuário,0.45,1419
2019-03-01,2019,3,5,Transportes,Transportes,1.44,1419
2019-03-01,2019,3,6,Saúde e cuidados pessoais,Saúde,0.42,1419
2019-03-01,2019,3,7,Despesas pessoais,Pessoais,0.16,1419
2019-03-01,2019,3,8,Educação,Educação,0.32,1419
2019-03-01,2019,3,9,Comunicação,Comunicação,-0.22,1419
2019-04-01,2019,4,1,Alimentação e bebidas,Alimentação,0.63,1419
2019-04-01,2019,4,2,Habitação,Habitação,0.24,1419
2019-04-01,2019,4,3,Artigos de residência,Residência,-0.24,1419
2019-04-01,2019,4,4,Vestuário,Vestuário,0.18,1419
2019-04-01,2019,4,5,Transportes,Transportes,0.94,1419
2019-04-01,2019,4,6,Saúde e cuidados pessoais,Saúde,1.51,1419
2019-04-01,2019,4,7,Despesas pessoais,Pessoais,0.17,1419
2019-04-01,2019,4,8,Educação,Educação,0.09,1419
2019-04-01,2019,4,9,Comunicação,Comunicação,0.03,1419
2019-05-01,2019,5,1,Alimentação e bebidas,Alimentação,-0.56,1419
2019-05-01,2019,5,2,Habitação,Habitação,0.98,1419
2019-05-01,2019,5,3,Artigos de residência,Residência,-0.1,1419
2019-05-01,2019,5,4,Vestuário,Vestuário,0.34,1419
2019-05-01,2019,5,5,Transportes,Transportes,0.07,1419
2019-05-01,2019,5,6,Saúde e cuidados pessoais,Saúde,0.59,1419
2019-05-01,2019,5,7,Despesas pessoais,Pessoais,0.16,1419
2019-05-01,2019,5,8,Educação,Educação,-0.04,1419
2019-05-01,2019,5,9,Comunicação,Comunicação,-0.03,1419
2019-06-01,2019,6,1,Alimentação e bebidas,Alimentação,-0.25,1419
2019-06-01,2019,6,2,Habitação,Habitação,0.07,1419
2019-06-01,2019,6,3,Artigos de residência,Residência,0.02,1419
2019-06-01,2019,6,4,Vestuário,Vestuário,0.3,1419
2019-06-01,2019,6,5,Transportes,Transportes,-0.31,1419
2019-06-01,2019,6,6,Saúde e cuidados pessoais,Saúde,0.64,1419
2019-06-01,2019,6,7,Despesas pessoais,Pessoais,0.15,1419
2019-06-01,2019,6,8,Educação,Educação,0.14,1419
2019-06-01,2019,6,9,Comunicação,Comunicação,-0.02,1419
2019-07-01,2019,7,1,Alimentação e bebidas,Alimentação,0.01,1419
2019-07-01,2019,7,2,Habitação,Habitação,1.2,1419
2019-07-01,2019,7,3,Artigos de residência,Residência,0.29,1419
2019-07-01,2019,7,4,Vestuário,Vestuário,-0.52,1419
2019-07-01,2019,7,5,Transportes,Transportes,-0.17,1419
2019-07-01,2019,7,6,Saúde e cuidados pessoais,Saúde,-0.2,1419
2019-07-01,2019,7,7,Despesas pessoais,Pessoais,0.44,1419
2019-07-01,2019,7,8,Educação,Educação,0.04,1419
2019-07-01,2019,7,9,Comunicação,Comunicação,0.57,1419
2019-08-01,2019,8,1,Alimentação e bebidas,Alimentação,-0.35,1419
2019-08-01,2019,8,2,Habitação,Habitação,1.19,1419
2019-08-01,2019,8,3,Artigos de residência,Residência,0.56,1419
2019-08-01,2019,8,4,Vestuário,Vestuário,0.23,1419
2019-08-01,2019,8,5,Transportes,Transportes,-0.39,1419
2019-08-01,2019,8,6,Saúde e cuidados pessoais,Saúde,-0.03,1419
2019-08-01,2019,8,7,Despesas pessoais,Pessoais,0.31,1419
2019-08-01,2019,8,8,Educação,Educação,0.16,1419
2019-08-01,2019,8,9,Comunicação,Comunicação,0.09,1419
2019-09-01,2019,9,1,Alimentação e bebidas,Alimentação,-0.43,1419
2019-09-01,2019,9,2,Habitação,Habitação,0.02,1419
2019-09-01,2019,9,3,Artigos de residência,Residência,-0.76,1419
2019-09-01,2019,9,4,Vestuário,Vestuário,0.27,1419
2019-09-01,2019,9,5,Transportes,Transportes,0,1419
2019-09-01,2019,9,6,Saúde e cuidados pessoais,Saúde,0.58,1419
2019-09-01,2019,9,7,Despesas pessoais,Pessoais,0.04,1419
2019-09-01,2019,9,8,Educação,Educação,0.04,1419
2019-09-01,2019,9,9,Comunicação,Comunicação,-0.01,1419
2019-10-01,2019,10,1,Alimentação e bebidas,Alimentação,0.05,1419
2019-10-01,2019,10,2,Habitação,Habitação,-0.61,1419
2019-10-01,2019,10,3,Artigos de residência,Residência,-0.09,1419
2019-10-01,2019,10,4,Vestuário,Vestuário,0.63,1419
2019-10-01,2019,10,5,Transportes,Transportes,0.45,1419
2019-10-01,2019,10,6,Saúde e cuidados pessoais,Saúde,0.4,1419
2019-10-01,2019,10,7,Despesas pessoais,Pessoais,0.2,1419
2019-10-01,2019,10,8,Educação,Educação,0.03,1419
2019-10-01,2019,10,9,Comunicação,Comunicação,-0.01,1419
2019-11-01,2019,11,1,Alimentação e bebidas,Alimentação,0.72,1419
2019-11-01,2019,11,2,Habitação,Habitação,0.71,1419
2019-11-01,2019,11,3,Artigos de residência,Residência,-0.36,1419
2019-11-01,2019,11,4,Vestuário,Vestuário,0.35,1419
2019-11-01,2019,11,5,Transportes,Transportes,0.3,1419
2019-11-01,2019,11,6,Saúde e cuidados pessoais,Saúde,0.21,1419
2019-11-01,2019,11,7,Despesas pessoais,Pessoais,1.24,1419
2019-11-01,2019,11,8,Educação,Educação,0.08,1419
2019-11-01,2019,11,9,Comunicação,Comunicação,-0.02,1419
2019-12-01,2019,12,1,Alimentação e bebidas,Alimentação,3.38,1419
2019-12-01,2019,12,2,Habitação,Habitação,-0.82,1419
2019-12-01,2019,12,3,Artigos de residência,Residência,-0.48,1419
2019-12-01,2019,12,4,Vestuário,Vestuário,0,1419
2019-12-01,2019,12,5,Transportes,Transportes,1.54,1419
2019-12-01,2019,12,6,Saúde e cuidados pessoais,Saúde,0.42,1419
2019-12-01,2019,12,7,Despesas pessoais,Pessoais,0.92,1419
2019-12-01,2019,12,8,Educação,Educação,0.2,1419
2019-12-01,2019,12,9,Comunicação,Comunicação,0.66,1419
2020-01-01,2020,1,1,Alimentação e bebidas,Alimentação,0.39,7060
2020-01-01,2020,1,2,Habitação,Habitação,0.55,7060
2020-01-01,2020,1,3,Artigos de residência,Residência,-0.07,7060
2020-01-01,2020,1,4,Vestuário,Vestuário,-0.48,7060
2020-01-01,2020,1,5,Transportes,Transportes,0.32,7060
2020-01-01,2020,1,6,Saúde e cuidados pessoais,Saúde,-0.32,7060
2020-01-01,2020,1,7,Despesas pessoais,Pessoais,0.35,7060
2020-01-01,2020,1,8,Educação,Educação,0.16,7060
2020-01-01,2020,1,9,Comunicação,Comunicação,0.12,7060
2020-02-01,2020,2,1,Alimentação e bebidas,Alimentação,0.11,7060
2020-02-01,2020,2,2,Habitação,Habitação,-0.39,7060
2020-02-01,2020,2,3,Artigos de residência,Residência,-0.08,7060
2020-02-01,2020,2,4,Vestuário,Vestuário,-0.73,7060
2020-02-01,2020,2,5,Transportes,Transportes,-0.23,7060
2020-02-01,2020,2,6,Saúde e cuidados pessoais,Saúde,0.73,7060
2020-02-01,2020,2,7,Despesas pessoais,Pessoais,0.31,7060
2020-02-01,2020,2,8,Educação,Educação,3.7,7060
2020-02-01,2020,2,9,Comunicação,Comunicação,0.21,7060
2020-03-01,2020,3,1,Alimentação e bebidas,Alimentação,1.13,7060
2020-03-01,2020,3,2,Habitação,Habitação,0.13,7060
2020-03-01,2020,3,3,Artigos de residência,Residência,-1.08,7060
2020-03-01,2020,3,4,Vestuário,Vestuário,0.21,7060
2020-03-01,2020,3,5,Transportes,Transportes,-0.9,7060
2020-03-01,2020,3,6,Saúde e cuidados pessoais,Saúde,0.21,7060
2020-03-01,2020,3,7,Despesas pessoais,Pessoais,-0.23,7060
2020-03-01,2020,3,8,Educação,Educação,0.59,7060
2020-03-01,2020,3,9,Comunicação,Comunicação,0.04,7060
2020-04-01,2020,4,1,Alimentação e bebidas,Alimentação,1.79,7060
2020-04-01,2020,4,2,Habitação,Habitação,-0.1,7060
2020-04-01,2020,4,3,Artigos de residência,Residência,-1.37,7060
2020-04-01,2020,4,4,Vestuário,Vestuário,0.1,7060
2020-04-01,2020,4,5,Transportes,Transportes,-2.66,7060
2020-04-01,2020,4,6,Saúde e cuidados pessoais,Saúde,-0.22,7060
2020-04-01,2020,4,7,Despesas pessoais,Pessoais,-0.14,7060
2020-04-01,2020,4,8,Educação,Educação,0,7060
2020-04-01,2020,4,9,Comunicação,Comunicação,-0.2,7060
2020-05-01,2020,5,1,Alimentação e bebidas,Alimentação,0.24,7060
2020-05-01,2020,5,2,Habitação,Habitação,-0.25,7060
2020-05-01,2020,5,3,Artigos de residência,Residência,0.58,7060
2020-05-01,2020,5,4,Vestuário,Vestuário,-0.58,7060
2020-05-01,2020,5,5,Transportes,Transportes,-1.9,7060
2020-05-01,2020,5,6,Saúde e cuidados pessoais,Saúde,-0.1,7060
2020-05-01,2020,5,7,Despesas pessoais,Pessoais,-0.04,7060
2020-05-01,2020,5,8,Educação,Educação,0.02,7060
2020-05-01,2020,5,9,Comunicação,Comunicação,0.24,7060
2020-06-01,2020,6,1,Alimentação e bebidas,Alimentação,0.38,7060
2020-06-01,2020,6,2,Habitação,Habitação,0.04,7060
2020-06-01,2020,6,3,Artigos de residência,Residência,1.3,7060
2020-06-01,2020,6,4,Vestuário,Vestuário,-0.46,7060
2020-06-01,2020,6,5,Transportes,Transportes,0.31,7060
2020-06-01,2020,6,6,Saúde e cuidados pessoais,Saúde,0.35,7060
2020-06-01,2020,6,7,Despesas pessoais,Pessoais,-0.05,7060
2020-06-01,2020,6,8,Educação,Educação,0.05,7060
2020-06-01,2020,6,9,Comunicação,Comunicação,0.75,7060
2020-07-01,2020,7,1,Alimentação e bebidas,Alimentação,0.01,7060
2020-07-01,2020,7,2,Habitação,Habitação,0.8,7060
2020-07-01,2020,7,3,Artigos de residência,Residência,0.9,7060
2020-07-01,2020,7,4,Vestuário,Vestuário,-0.52,7060
2020-07-01,2020,7,5,Transportes,Transportes,0.78,7060
2020-07-01,2020,7,6,Saúde e cuidados pessoais,Saúde,0.44,7060
2020-07-01,2020,7,7,Despesas pessoais,Pessoais,-0.11,7060
2020-07-01,2020,7,8,Educação,Educação,-0.12,7060
2020-07-01,2020,7,9,Comunicação,Comunicação,0.51,7060
2020-08-01,2020,8,1,Alimentação e bebidas,Alimentação,0.78,7060
2020-08-01,2020,8,2,Habitação,Habitação,0.36,7060
2020-08-01,2020,8,3,Artigos de residência,Residência,0.56,7060
2020-08-01,2020,8,4,Vestuário,Vestuário,-0.78,7060
2020-08-01,2020,8,5,Transportes,Transportes,0.82,7060
2020-08-01,2020,8,6,Saúde e cuidados pessoais,Saúde,0.5,7060
2020-08-01,2020,8,7,Despesas pessoais,Pessoais,-0.01,7060
2020-08-01,2020,8,8,Educação,Educação,-3.47,7060
2020-08-01,2020,8,9,Comunicação,Comunicação,0.67,7060
2020-09-01,2020,9,1,Alimentação e bebidas,Alimentação,2.28,7060
2020-09-01,2020,9,2,Habitação,Habitação,0.37,7060
2020-09-01,2020,9,3,Artigos de residência,Residência,1,7060
2020-09-01,2020,9,4,Vestuário,Vestuário,0.37,7060
2020-09-01,2020,9,5,Transportes,Transportes,0.7,7060
2020-09-01,2020,9,6,Saúde e cuidados pessoais,Saúde,-0.64,7060
2020-09-01,2020,9,7,Despesas pessoais,Pessoais,0.09,7060
2020-09-01,2020,9,8,Educação,Educação,-0.09,7060
2020-09-01,2020,9,9,Comunicação,Comunicação,0.15,7060
2020-10-01,2020,10,1,Alimentação e bebidas,Alimentação,1.93,7060
2020-10-01,2020,10,2,Habitação,Habitação,0.36,7060
2020-10-01,2020,10,3,Artigos de residência,Residência,1.53,7060
2020-10-01,2020,10,4,Vestuário,Vestuário,1.11,7060
2020-10-01,2020,10,5,Transportes,Transportes,1.19,7060
2020-10-01,2020,10,6,Saúde e cuidados pessoais,Saúde,0.28,7060
2020-10-01,2020,10,7,Despesas pessoais,Pessoais,0.19,7060
2020-10-01,2020,10,8,Educação,Educação,-0.04,7060
2020-10-01,2020,10,9,Comunicação,Comunicação,0.21,7060
2020-11-01,2020,11,1,Alimentação e bebidas,Alimentação,2.54,7060
2020-11-01,2020,11,2,Habitação,Habitação,0.44,7060
2020-11-01,2020,11,3,Artigos de residência,Residência,0.86,7060
2020-11-01,2020,11,4,Vestuário,Vestuário,0.07,7060
2020-11-01,2020,11,5,Transportes,Transportes,1.33,7060
2020-11-01,2020,11,6,Saúde e cuidados pessoais,Saúde,-0.13,7060
2020-11-01,2020,11,7,Despesas pessoais,Pessoais,0.01,7060
2020-11-01,2020,11,8,Educação,Educação,-0.02,7060
2020-11-01,2020,11,9,Comunicação,Comunicação,0.29,7060
2020-12-01,2020,12,1,Alimentação e bebidas,Alimentação,1.74,7060
2020-12-01,2020,12,2,Habitação,Habitação,2.88,7060
2020-12-01,2020,12,3,Artigos de residência,Residência,1.76,7060
2020-12-01,2020,12,4,Vestuário,Vestuário,0.59,7060
2020-12-01,2020,12,5,Transportes,Transportes,1.36,7060
2020-12-01,2020,12,6,Saúde e cuidados pessoais,Saúde,0.4,7060
2020-12-01,2020,12,7,Despesas pessoais,Pessoais,0.65,7060
2020-12-01,2020,12,8,Educação,Educação,0.48,7060
2020-12-01,2020,12,9,Comunicação,Comunicação,0.39,7060
2021-01-01,2021,1,1,Alimentação e bebidas,Alimentação,1.02,7060
2021-01-01,2021,1,2,Habitação,Habitação,-1.07,7060
2021-01-01,2021,1,3,Artigos de residência,Residência,0.86,7060
2021-01-01,2021,1,4,Vestuário,Vestuário,-0.07,7060
2021-01-01,2021,1,5,Transportes,Transportes,0.41,7060
2021-01-01,2021,1,6,Saúde e cuidados pessoais,Saúde,0.32,7060
2021-01-01,2021,1,7,Despesas pessoais,Pessoais,0.39,7060
2021-01-01,2021,1,8,Educação,Educação,0.13,7060
2021-01-01,2021,1,9,Comunicação,Comunicação,0.02,7060
2021-02-01,2021,2,1,Alimentação e bebidas,Alimentação,0.27,7060
2021-02-01,2021,2,2,Habitação,Habitação,0.4,7060
2021-02-01,2021,2,3,Artigos de residência,Residência,0.66,7060
2021-02-01,2021,2,4,Vestuário,Vestuário,0.38,7060
2021-02-01,2021,2,5,Transportes,Transportes,2.28,7060
2021-02-01,2021,2,6,Saúde e cuidados pessoais,Saúde,0.62,7060
2021-02-01,2021,2,7,Despesas pessoais,Pessoais,0.17,7060
2021-02-01,2021,2,8,Educação,Educação,2.48,7060
2021-02-01,2021,2,9,Comunicação,Comunicação,-0.13,7060
2021-03-01,2021,3,1,Alimentação e bebidas,Alimentação,0.13,7060
2021-03-01,2021,3,2,Habitação,Habitação,0.81,7060
2021-03-01,2021,3,3,Artigos de residência,Residência,0.69,7060
2021-03-01,2021,3,4,Vestuário,Vestuário,0.29,7060
2021-03-01,2021,3,5,Transportes,Transportes,3.81,7060
2021-03-01,2021,3,6,Saúde e cuidados pessoais,Saúde,-0.02,7060
2021-03-01,2021,3,7,Despesas pessoais,Pessoais,0.04,7060
2021-03-01,2021,3,8,Educação,Educação,-0.52,7060
2021-03-01,2021,3,9,Comunicação,Comunicação,-0.07,7060
2021-04-01,2021,4,1,Alimentação e bebidas,Alimentação,0.4,7060
2021-04-01,2021,4,2,Habitação,Habitação,0.22,7060
2021-04-01,2021,4,3,Artigos de residência,Residência,0.57,7060
2021-04-01,2021,4,4,Vestuário,Vestuário,0.47,7060
2021-04-01,2021,4,5,Transportes,Transportes,-0.08,7060
2021-04-01,2021,4,6,Saúde e cuidados pessoais,Saúde,1.19,7060
2021-04-01,2021,4,7,Despesas pessoais,Pessoais,0.01,7060
2021-04-01,2021,4,8,Educação,Educação,0.04,7060
2021-04-01,2021,4,9,Comunicação,Comunicação,0.08,7060
2021-05-01,2021,5,1,Alimentação e bebidas,Alimentação,0.44,7060
2021-05-01,2021,5,2,Habitação,Habitação,1.78,7060
2021-05-01,2021,5,3,Artigos de residência,Residência,1.25,7060
2021-05-01,2021,5,4,Vestuário,Vestuário,0.92,7060
2021-05-01,2021,5,5,Transportes,Transportes,1.15,7060
2021-05-01,2021,5,6,Saúde e cuidados pessoais,Saúde,0.76,7060
2021-05-01,2021,5,7,Despesas pessoais,Pessoais,0.21,7060
2021-05-01,2021,5,8,Educação,Educação,0.06,7060
2021-05-01,2021,5,9,Comunicação,Comunicação,0.21,7060
2021-06-01,2021,6,1,Alimentação e bebidas,Alimentação,0.43,7060
2021-06-01,2021,6,2,Habitação,Habitação,1.1,7060
2021-06-01,2021,6,3,Artigos de residência,Residência,1.09,7060
2021-06-01,2021,6,4,Vestuário,Vestuário,1.21,7060
2021-06-01,2021,6,5,Transportes,Transportes,0.41,7060
2021-06-01,2021,6,6,Saúde e cuidados pessoais,Saúde,0.51,7060
2021-06-01,2021,6,7,Despesas pessoais,Pessoais,0.29,7060
2021-06-01,2021,6,8,Educação,Educação,0.05,7060
2021-06-01,2021,6,9,Comunicação,Comunicação,-0.12,7060
2021-07-01,2021,7,1,Alimentação e bebidas,Alimentação,0.6,7060
2021-07-01,2021,7,2,Habitação,Habitação,3.1,7060
2021-07-01,2021,7,3,Artigos de residência,Residência,0.78,7060
2021-07-01,2021,7,4,Vestuário,Vestuário,0.53,7060
2021-07-01,2021,7,5,Transportes,Transportes,1.52,7060
2021-07-01,2021,7,6,Saúde e cuidados pessoais,Saúde,-0.65,7060
2021-07-01,2021,7,7,Despesas pessoais,Pessoais,0.45,7060
2021-07-01,2021,7,8,Educação,Educação,0.18,7060
2021-07-01,2021,7,9,Comunicação,Comunicação,0.12,7060
2021-08-01,2021,8,1,Alimentação e bebidas,Alimentação,1.39,7060
2021-08-01,2021,8,2,Habitação,Habitação,0.68,7060
2021-08-01,2021,8,3,Artigos de residência,Residência,0.99,7060
2021-08-01,2021,8,4,Vestuário,Vestuário,1.02,7060
2021-08-01,2021,8,5,Transportes,Transportes,1.46,7060
2021-08-01,2021,8,6,Saúde e cuidados pessoais,Saúde,-0.04,7060
2021-08-01,2021,8,7,Despesas pessoais,Pessoais,0.64,7060
2021-08-01,2021,8,8,Educação,Educação,0.28,7060
2021-08-01,2021,8,9,Comunicação,Comunicação,0.23,7060
2021-09-01,2021,9,1,Alimentação e bebidas,Alimentação,1.02,7060
2021-09-01,2021,9,2,Habitação,Habitação,2.56,7060
2021-09-01,2021,9,3,Artigos de residência,Residência,0.9,7060
2021-09-01,2021,9,4,Vestuário,Vestuário,0.31,7060
2021-09-01,2021,9,5,Transportes,Transportes,1.82,7060
2021-09-01,2021,9,6,Saúde e cuidados pessoais,Saúde,0.39,7060
2021-09-01,2021,9,7,Despesas pessoais,Pessoais,0.56,7060
2021-09-01,2021,9,8,Educação,Educação,-0.01,7060
2021-09-01,2021,9,9,Comunicação,Comunicação,0.07,7060
2021-10-01,2021,10,1,Alimentação e bebidas,Alimentação,1.17,7060
2021-10-01,2021,10,2,Habitação,Habitação,1.04,7060
2021-10-01,2021,10,3,Artigos de residência,Residência,1.27,7060
2021-10-01,2021,10,4,Vestuário,Vestuário,1.8,7060
2021-10-01,2021,10,5,Transportes,Transportes,2.62,7060
2021-10-01,2021,10,6,Saúde e cuidados pessoais,Saúde,0.39,7060
2021-10-01,2021,10,7,Despesas pessoais,Pessoais,0.75,7060
2021-10-01,2021,10,8,Educação,Educação,0.06,7060
2021-10-01,2021,10,9,Comunicação,Comunicação,0.54,7060
2021-11-01,2021,11,1,Alimentação e bebidas,Alimentação,-0.04,7060
2021-11-01,2021,11,2,Habitação,Habitação,1.03,7060
2021-11-01,2021,11,3,Artigos de residência,Residência,1.03,7060
2021-11-01,2021,11,4,Vestuário,Vestuário,0.95,7060
2021-11-01,2021,11,5,Transportes,Transportes,3.35,7060
2021-11-01,2021,11,6,Saúde e cuidados pessoais,Saúde,-0.57,7060
2021-11-01,2021,11,7,Despesas pessoais,Pessoais,0.57,7060
2021-11-01,2021,11,8,Educação,Educação,0.02,7060
2021-11-01,2021,11,9,Comunicação,Comunicação,0.09,7060
2021-12-01,2021,12,1,Alimentação e bebidas,Alimentação,0.84,7060
2021-12-01,2021,12,2,Habitação,Habitação,0.74,7060
2021-12-01,2021,12,3,Artigos de residência,Residência,1.37,7060
2021-12-01,2021,12,4,Vestuário,Vestuário,2.06,7060
2021-12-01,2021,12,5,Transportes,Transportes,0.58,7060
2021-12-01,2021,12,6,Saúde e cuidados pessoais,Saúde,0.75,7060
2021-12-01,2021,12,7,Despesas pessoais,Pessoais,0.56,7060
2021-12-01,2021,12,8,Educação,Educação,0.05,7060
2021-12-01,2021,12,9,Comunicação,Comunicação,0.34,7060
2022-01-01,2022,1,1,Alimentação e bebidas,Alimentação,1.11,7060
2022-01-01,2022,1,2,Habitação,Habitação,0.16,7060
2022-01-01,2022,1,3,Artigos de residência,Residência,1.82,7060
2022-01-01,2022,1,4,Vestuário,Vestuário,1.07,7060
2022-01-01,2022,1,5,Transportes,Transportes,-0.11,7060
2022-01-01,2022,1,6,Saúde e cuidados pessoais,Saúde,0.36,7060
2022-01-01,2022,1,7,Despesas pessoais,Pessoais,0.78,7060
2022-01-01,2022,1,8,Educação,Educação,0.25,7060
2022-01-01,2022,1,9,Comunicação,Comunicação,1.05,7060
2022-02-01,2022,2,1,Alimentação e bebidas,Alimentação,1.28,7060
2022-02-01,2022,2,2,Habitação,Habitação,0.54,7060
2022-02-01,2022,2,3,Artigos de residência,Residência,1.76,7060
2022-02-01,2022,2,4,Vestuário,Vestuário,0.88,7060
2022-02-01,2022,2,5,Transportes,Transportes,0.46,7060
2022-02-01,2022,2,6,Saúde e cuidados pessoais,Saúde,0.47,7060
2022-02-01,2022,2,7,Despesas pessoais,Pessoais,0.64,7060
2022-02-01,2022,2,8,Educação,Educação,5.61,7060
2022-02-01,2022,2,9,Comunicação,Comunicação,0.29,7060
2022-03-01,2022,3,1,Alimentação e bebidas,Alimentação,2.42,7060
2022-03-01,2022,3,2,Habitação,Habitação,1.15,7060
2022-03-01,2022,3,3,Artigos de residência,Residência,0.57,7060
2022-03-01,2022,3,4,Vestuário,Vestuário,1.82,7060
2022-03-01,2022,3,5,Transportes,Transportes,3.02,7060
2022-03-01,2022,3,6,Saúde e cuidados pessoais,Saúde,0.88,7060
2022-03-01,2022,3,7,Despesas pessoais,Pessoais,0.59,7060
2022-03-01,2022,3,8,Educação,Educação,0.15,7060
2022-03-01,2022,3,9,Comunicação,Comunicação,-0.05,7060
2022-04-01,2022,4,1,Alimentação e bebidas,Alimentação,2.06,7060
2022-04-01,2022,4,2,Habitação,Habitação,-1.14,7060
2022-04-01,2022,4,3,Artigos de residência,Residência,1.53,7060
2022-04-01,2022,4,4,Vestuário,Vestuário,1.26,7060
2022-04-01,2022,4,5,Transportes,Transportes,1.91,7060
2022-04-01,2022,4,6,Saúde e cuidados pessoais,Saúde,1.77,7060
2022-04-01,2022,4,7,Despesas pessoais,Pessoais,0.48,7060
2022-04-01,2022,4,8,Educação,Educação,0.06,7060
2022-04-01,2022,4,9,Comunicação,Comunicação,0.08,7060
2022-05-01,2022,5,1,Alimentação e bebidas,Alimentação,0.48,7060
2022-05-01,2022,5,2,Habitação,Habitação,-1.7,7060
2022-05-01,2022,5,3,Artigos de residência,Residência,0.66,7060
2022-05-01,2022,5,4,Vestuário,Vestuário,2.11,7060
2022-05-01,2022,5,5,Transportes,Transportes,1.34,7060
2022-05-01,2022,5,6,Saúde e cuidados pessoais,Saúde,1.01,7060
2022-05-01,2022,5,7,Despesas pessoais,Pessoais,0.52,7060
2022-05-01,2022,5,8,Educação,Educação,0.04,7060
2022-05-01,2022,5,9,Comunicação,Comunicação,0.72,7060
2022-06-01,2022,6,1,Alimentação e bebidas,Alimentação,0.8,7060
2022-06-01,2022,6,2,Habitação,Habitação,0.41,7060
2022-06-01,2022,6,3,Artigos de residência,Residência,0.55,7060
2022-06-01,2022,6,4,Vestuário,Vestuário,1.67,7060
2022-06-01,2022,6,5,Transportes,Transportes,0.57,7060
2022-06-01,2022,6,6,Saúde e cuidados pessoais,Saúde,1.24,7060
2022-06-01,2022,6,7,Despesas pessoais,Pessoais,0.49,7060
2022-06-01,2022,6,8,Educação,Educação,0.09,7060
2022-06-01,2022,6,9,Comunicação,Comunicação,0.16,7060
2022-07-01,2022,7,1,Alimentação e bebidas,Alimentação,1.3,7060
2022-07-01,2022,7,2,Habitação,Habitação,-1.05,7060
2022-07-01,2022,7,3,Artigos de residência,Residência,0.12,7060
2022-07-01,2022,7,4,Vestuário,Vestuário,0.58,7060
2022-07-01,2022,7,5,Transportes,Transportes,-4.51,7060
2022-07-01,2022,7,6,Saúde e cuidados pessoais,Saúde,0.49,7060
2022-07-01,2022,7,7,Despesas pessoais,Pessoais,1.13,7060
2022-07-01,2022,7,8,Educação,Educação,0.06,7060
2022-07-01,2022,7,9,Comunicação,Comunicação,0.07,7060
2022-08-01,2022,8,1,Alimentação e bebidas,Alimentação,0.24,7060
2022-08-01,2022,8,2,Habitação,Habitação,0.1,7060
2022-08-01,2022,8,3,Artigos de residência,Residência,0.42,7060
2022-08-01,2022,8,4,Vestuário,Vestuário,1.69,7060
2022-08-01,2022,8,5,Transportes,Transportes,-3.37,7060
2022-08-01,2022,8,6,Saúde e cuidados pessoais,Saúde,1.31,7060
2022-08-01,2022,8,7,Despesas pessoais,Pessoais,0.54,7060
2022-08-01,2022,8,8,Educação,Educação,0.61,7060
2022-08-01,2022,8,9,Comunicação,Comunicação,-1.1,7060
2022-09-01,2022,9,1,Alimentação e bebidas,Alimentação,-0.51,7060
2022-09-01,2022,9,2,Habitação,Habitação,0.6,7060
2022-09-01,2022,9,3,Artigos de residência,Residência,-0.13,7060
2022-09-01,2022,9,4,Vestuário,Vestuário,1.77,7060
2022-09-01,2022,9,5,Transportes,Transportes,-1.98,7060
2022-09-01,2022,9,6,Saúde e cuidados pessoais,Saúde,0.57,7060
2022-09-01,2022,9,7,Despesas pessoais,Pessoais,0.95,7060
2022-09-01,2022,9,8,Educação,Educação,0.12,7060
2022-09-01,2022,9,9,Comunicação,Comunicação,-2.08,7060
2022-10-01,2022,10,1,Alimentação e bebidas,Alimentação,0.72,7060
2022-10-01,2022,10,2,Habitação,Habitação,0.34,7060
2022-10-01,2022,10,3,Artigos de residência,Residência,0.39,7060
2022-10-01,2022,10,4,Vestuário,Vestuário,1.22,7060
2022-10-01,2022,10,5,Transportes,Transportes,0.58,7060
2022-10-01,2022,10,6,Saúde e cuidados pessoais,Saúde,1.16,7060
2022-10-01,2022,10,7,Despesas pessoais,Pessoais,0.57,7060
2022-10-01,2022,10,8,Educação,Educação,0.18,7060
2022-10-01,2022,10,9,Comunicação,Comunicação,-0.48,7060
2022-11-01,2022,11,1,Alimentação e bebidas,Alimentação,0.53,7060
2022-11-01,2022,11,2,Habitação,Habitação,0.51,7060
2022-11-01,2022,11,3,Artigos de residência,Residência,-0.68,7060
2022-11-01,2022,11,4,Vestuário,Vestuário,1.1,7060
2022-11-01,2022,11,5,Transportes,Transportes,0.83,7060
2022-11-01,2022,11,6,Saúde e cuidados pessoais,Saúde,0.02,7060
2022-11-01,2022,11,7,Despesas pessoais,Pessoais,0.21,7060
2022-11-01,2022,11,8,Educação,Educação,0.02,7060
2022-11-01,2022,11,9,Comunicação,Comunicação,-0.14,7060
2022-12-01,2022,12,1,Alimentação e bebidas,Alimentação,0.66,7060
2022-12-01,2022,12,2,Habitação,Habitação,0.2,7060
2022-12-01,2022,12,3,Artigos de residência,Residência,0.64,7060
2022-12-01,2022,12,4,Vestuário,Vestuário,1.52,7060
2022-12-01,2022,12,5,Transportes,Transportes,0.21,7060
2022-12-01,2022,12,6,Saúde e cuidados pessoais,Saúde,1.6,7060
2022-12-01,2022,12,7,Despesas pessoais,Pessoais,0.62,7060
2022-12-01,2022,12,8,Educação,Educação,0.19,7060
2022-12-01,2022,12,9,Comunicação,Comunicação,0.5,7060
2023-01-01,2023,1,1,Alimentação e bebidas,Alimentação,0.59,7060
2023-01-01,2023,1,2,Habitação,Habitação,0.33,7060
2023-01-01,2023,1,3,Artigos de residência,Residência,0.7,7060
2023-01-01,2023,1,4,Vestuário,Vestuário,-0.27,7060
2023-01-01,2023,1,5,Transportes,Transportes,0.55,7060
2023-01-01,2023,1,6,Saúde e cuidados pessoais,Saúde,0.16,7060
2023-01-01,2023,1,7,Despesas pessoais,Pessoais,0.76,7060
2023-01-01,2023,1,8,Educação,Educação,0.36,7060
2023-01-01,2023,1,9,Comunicação,Comunicação,2.09,7060
2023-02-01,2023,2,1,Alimentação e bebidas,Alimentação,0.16,7060
2023-02-01,2023,2,2,Habitação,Habitação,0.82,7060
2023-02-01,2023,2,3,Artigos de residência,Residência,0.11,7060
2023-02-01,2023,2,4,Vestuário,Vestuário,-0.24,7060
2023-02-01,2023,2,5,Transportes,Transportes,0.37,7060
2023-02-01,2023,2,6,Saúde e cuidados pessoais,Saúde,1.26,7060
2023-02-01,2023,2,7,Despesas pessoais,Pessoais,0.44,7060
2023-02-01,2023,2,8,Educação,Educação,6.28,7060
2023-02-01,2023,2,9,Comunicação,Comunicação,0.98,7060
2023-03-01,2023,3,1,Alimentação e bebidas,Alimentação,0.05,7060
2023-03-01,2023,3,2,Habitação,Habitação,0.57,7060
2023-03-01,2023,3,3,Artigos de residência,Residência,-0.27,7060
2023-03-01,2023,3,4,Vestuário,Vestuário,0.31,7060
2023-03-01,2023,3,5,Transportes,Transportes,2.11,7060
2023-03-01,2023,3,6,Saúde e cuidados pessoais,Saúde,0.82,7060
2023-03-01,2023,3,7,Despesas pessoais,Pessoais,0.38,7060
2023-03-01,2023,3,8,Educação,Educação,0.1,7060
2023-03-01,2023,3,9,Comunicação,Comunicação,0.5,7060
2023-04-01,2023,4,1,Alimentação e bebidas,Alimentação,0.71,7060
2023-04-01,2023,4,2,Habitação,Habitação,0.48,7060
2023-04-01,2023,4,3,Artigos de residência,Residência,0.17,7060
2023-04-01,2023,4,4,Vestuário,Vestuário,0.79,7060
2023-04-01,2023,4,5,Transportes,Transportes,0.56,7060
2023-04-01,2023,4,6,Saúde e cuidados pessoais,Saúde,1.49,7060
2023-04-01,2023,4,7,Despesas pessoais,Pessoais,0.18,7060
2023-04-01,2023,4,8,Educação,Educação,0.09,7060
2023-04-01,2023,4,9,Comunicação,Comunicação,0.08,7060
2023-05-01,2023,5,1,Alimentação e bebidas,Alimentação,0.16,7060
2023-05-01,2023,5,2,Habitação,Habitação,0.67,7060
2023-05-01,2023,5,3,Artigos de residência,Residência,-0.23,7060
2023-05-01,2023,5,4,Vestuário,Vestuário,0.47,7060
2023-05-01,2023,5,5,Transportes,Transportes,-0.57,7060
2023-05-01,2023,5,6,Saúde e cuidados pessoais,Saúde,0.93,7060
2023-05-01,2023,5,7,Despesas pessoais,Pessoais,0.64,7060
2023-05-01,2023,5,8,Educação,Educação,0.05,7060
2023-05-01,2023,5,9,Comunicação,Comunicação,0.21,7060
2023-06-01,2023,6,1,Alimentação e bebidas,Alimentação,-0.66,7060
2023-06-01,2023,6,2,Habitação,Habitação,0.69,7060
2023-06-01,2023,6,3,Artigos de residência,Residência,-0.42,7060
2023-06-01,2023,6,4,Vestuário,Vestuário,0.35,7060
2023-06-01,2023,6,5,Transportes,Transportes,-0.41,7060
2023-06-01,2023,6,6,Saúde e cuidados pessoais,Saúde,0.11,7060
2023-06-01,2023,6,7,Despesas pessoais,Pessoais,0.36,7060
2023-06-01,2023,6,8,Educação,Educação,0.06,7060
2023-06-01,2023,6,9,Comunicação,Comunicação,-0.14,7060
2023-07-01,2023,7,1,Alimentação e bebidas,Alimentação,-0.46,7060
2023-07-01,2023,7,2,Habitação,Habitação,-1.01,7060
2023-07-01,2023,7,3,Artigos de residência,Residência,0.04,7060
2023-07-01,2023,7,4,Vestuário,Vestuário,-0.24,7060
2023-07-01,2023,7,5,Transportes,Transportes,1.5,7060
2023-07-01,2023,7,6,Saúde e cuidados pessoais,Saúde,0.26,7060
2023-07-01,2023,7,7,Despesas pessoais,Pessoais,0.38,7060
2023-07-01,2023,7,8,Educação,Educação,0.13,7060
2023-07-01,2023,7,9,Comunicação,Comunicação,0,7060
2023-08-01,2023,8,1,Alimentação e bebidas,Alimentação,-0.85,7060
2023-08-01,2023,8,2,Habitação,Habitação,1.11,7060
2023-08-01,2023,8,3,Artigos de residência,Residência,-0.04,7060
2023-08-01,2023,8,4,Vestuário,Vestuário,0.54,7060
2023-08-01,2023,8,5,Transportes,Transportes,0.34,7060
2023-08-01,2023,8,6,Saúde e cuidados pessoais,Saúde,0.58,7060
2023-08-01,2023,8,7,Despesas pessoais,Pessoais,0.38,7060
2023-08-01,2023,8,8,Educação,Educação,0.69,7060
2023-08-01,2023,8,9,Comunicação,Comunicação,-0.09,7060
2023-09-01,2023,9,1,Alimentação e bebidas,Alimentação,-0.71,7060
2023-09-01,2023,9,2,Habitação,Habitação,0.47,7060
2023-09-01,2023,9,3,Artigos de residência,Residência,-0.58,7060
2023-09-01,2023,9,4,Vestuário,Vestuário,0.38,7060
2023-09-01,2023,9,5,Transportes,Transportes,1.4,7060
2023-09-01,2023,9,6,Saúde e cuidados pessoais,Saúde,0.04,7060
2023-09-01,2023,9,7,Despesas pessoais,Pessoais,0.45,7060
2023-09-01,2023,9,8,Educação,Educação,0.05,7060
2023-09-01,2023,9,9,Comunicação,Comunicação,-0.11,7060
2023-10-01,2023,10,1,Alimentação e bebidas,Alimentação,0.31,7060
2023-10-01,2023,10,2,Habitação,Habitação,0.02,7060
2023-10-01,2023,10,3,Artigos de residência,Residência,0.46,7060
2023-10-01,2023,10,4,Vestuário,Vestuário,0.45,7060
2023-10-01,2023,10,5,Transportes,Transportes,0.35,7060
2023-10-01,2023,10,6,Saúde e cuidados pessoais,Saúde,0.32,7060
2023-10-01,2023,10,7,Despesas pessoais,Pessoais,0.27,7060
2023-10-01,2023,10,8,Educação,Educação,0.05,7060
2023-10-01,2023,10,9,Comunicação,Comunicação,-0.19,7060
2023-11-01,2023,11,1,Alimentação e bebidas,Alimentação,0.63,7060
2023-11-01,2023,11,2,Habitação,Habitação,0.48,7060
2023-11-01,2023,11,3,Artigos de residência,Residência,-0.42,7060
2023-11-01,2023,11,4,Vestuário,Vestuário,-0.35,7060
2023-11-01,2023,11,5,Transportes,Transportes,0.27,7060
2023-11-01,2023,11,6,Saúde e cuidados pessoais,Saúde,0.08,7060
2023-11-01,2023,11,7,Despesas pessoais,Pessoais,0.58,7060
2023-11-01,2023,11,8,Educação,Educação,0.02,7060
2023-11-01,2023,11,9,Comunicação,Comunicação,-0.5,7060
2023-12-01,2023,12,1,Alimentação e bebidas,Alimentação,1.11,7060
2023-12-01,2023,12,2,Habitação,Habitação,0.34,7060
2023-12-01,2023,12,3,Artigos de residência,Residência,0.76,7060
2023-12-01,2023,12,4,Vestuário,Vestuário,0.7,7060
2023-12-01,2023,12,5,Transportes,Transportes,0.48,7060
2023-12-01,2023,12,6,Saúde e cuidados pessoais,Saúde,0.35,7060
2023-12-01,2023,12,7,Despesas pessoais,Pessoais,0.48,7060
2023-12-01,2023,12,8,Educação,Educação,0.24,7060
2023-12-01,2023,12,9,Comunicação,Comunicação,0.04,7060
2024-01-01,2024,1,1,Alimentação e bebidas,Alimentação,1.38,7060
2024-01-01,2024,1,2,Habitação,Habitação,0.25,7060
2024-01-01,2024,1,3,Artigos de residência,Residência,0.22,7060
2024-01-01,2024,1,4,Vestuário,Vestuário,0.14,7060
2024-01-01,2024,1,5,Transportes,Transportes,-0.65,7060
2024-01-01,2024,1,6,Saúde e cuidados pessoais,Saúde,0.83,7060
2024-01-01,2024,1,7,Despesas pessoais,Pessoais,0.82,7060
2024-01-01,2024,1,8,Educação,Educação,0.33,7060
2024-01-01,2024,1,9,Comunicação,Comunicação,-0.08,7060
2024-02-01,2024,2,1,Alimentação e bebidas,Alimentação,0.95,7060
2024-02-01,2024,2,2,Habitação,Habitação,0.27,7060
2024-02-01,2024,2,3,Artigos de residência,Residência,-0.07,7060
2024-02-01,2024,2,4,Vestuário,Vestuário,-0.44,7060
2024-02-01,2024,2,5,Transportes,Transportes,0.72,7060
2024-02-01,2024,2,6,Saúde e cuidados pessoais,Saúde,0.65,7060
2024-02-01,2024,2,7,Despesas pessoais,Pessoais,0.05,7060
2024-02-01,2024,2,8,Educação,Educação,4.98,7060
2024-02-01,2024,2,9,Comunicação,Comunicação,1.56,7060
2024-03-01,2024,3,1,Alimentação e bebidas,Alimentação,0.53,7060
2024-03-01,2024,3,2,Habitação,Habitação,0.19,7060
2024-03-01,2024,3,3,Artigos de residência,Residência,-0.04,7060
2024-03-01,2024,3,4,Vestuário,Vestuário,0.03,7060
2024-03-01,2024,3,5,Transportes,Transportes,-0.33,7060
2024-03-01,2024,3,6,Saúde e cuidados pessoais,Saúde,0.43,7060
2024-03-01,2024,3,7,Despesas pessoais,Pessoais,0.33,7060
2024-03-01,2024,3,8,Educação,Educação,0.14,7060
2024-03-01,2024,3,9,Comunicação,Comunicação,-0.13,7060
2024-04-01,2024,4,1,Alimentação e bebidas,Alimentação,0.7,7060
2024-04-01,2024,4,2,Habitação,Habitação,-0.01,7060
2024-04-01,2024,4,3,Artigos de residência,Residência,-0.26,7060
2024-04-01,2024,4,4,Vestuário,Vestuário,0.55,7060
2024-04-01,2024,4,5,Transportes,Transportes,0.14,7060
2024-04-01,2024,4,6,Saúde e cuidados pessoais,Saúde,1.16,7060
2024-04-01,2024,4,7,Despesas pessoais,Pessoais,0.1,7060
2024-04-01,2024,4,8,Educação,Educação,0.05,7060
2024-04-01,2024,4,9,Comunicação,Comunicação,0.48,7060
2024-05-01,2024,5,1,Alimentação e bebidas,Alimentação,0.62,7060
2024-05-01,2024,5,2,Habitação,Habitação,0.67,7060
2024-05-01,2024,5,3,Artigos de residência,Residência,-0.53,7060
2024-05-01,2024,5,4,Vestuário,Vestuário,0.5,7060
2024-05-01,2024,5,5,Transportes,Transportes,0.44,7060
2024-05-01,2024,5,6,Saúde e cuidados pessoais,Saúde,0.69,7060
2024-05-01,2024,5,7,Despesas pessoais,Pessoais,0.22,7060
2024-05-01,2024,5,8,Educação,Educação,0.09,7060
2024-05-01,2024,5,9,Comunicação,Comunicação,0.14,7060
2024-06-01,2024,6,1,Alimentação e bebidas,Alimentação,0.44,7060
2024-06-01,2024,6,2,Habitação,Habitação,0.25,7060
2024-06-01,2024,6,3,Artigos de residência,Residência,0.19,7060
2024-06-01,2024,6,4,Vestuário,Vestuário,0.02,7060
2024-06-01,2024,6,5,Transportes,Transportes,-0.19,7060
2024-06-01,2024,6,6,Saúde e cuidados pessoais,Saúde,0.54,7060
2024-06-01,2024,6,7,Despesas pessoais,Pessoais,0.29,7060
2024-06-01,2024,6,8,Educação,Educação,0.06,7060
2024-06-01,2024,6,9,Comunicação,Comunicação,-0.08,7060
2024-07-01,2024,7,1,Alimentação e bebidas,Alimentação,-1,7060
2024-07-01,2024,7,2,Habitação,Habitação,0.77,7060
2024-07-01,2024,7,3,Artigos de residência,Residência,0.48,7060
2024-07-01,2024,7,4,Vestuário,Vestuário,-0.02,7060
2024-07-01,2024,7,5,Transportes,Transportes,1.82,7060
2024-07-01,2024,7,6,Saúde e cuidados pessoais,Saúde,0.22,7060
2024-07-01,2024,7,7,Despesas pessoais,Pessoais,0.52,7060
2024-07-01,2024,7,8,Educação,Educação,0.08,7060
2024-07-01,2024,7,9,Comunicação,Comunicação,0.18,7060
2024-08-01,2024,8,1,Alimentação e bebidas,Alimentação,-0.44,7060
2024-08-01,2024,8,2,Habitação,Habitação,-0.51,7060
2024-08-01,2024,8,3,Artigos de residência,Residência,0.74,7060
2024-08-01,2024,8,4,Vestuário,Vestuário,0.39,7060
2024-08-01,2024,8,5,Transportes,Transportes,0,7060
2024-08-01,2024,8,6,Saúde e cuidados pessoais,Saúde,0.25,7060
2024-08-01,2024,8,7,Despesas pessoais,Pessoais,0.25,7060
2024-08-01,2024,8,8,Educação,Educação,0.73,7060
2024-08-01,2024,8,9,Comunicação,Comunicação,0.1,7060
2024-09-01,2024,9,1,Alimentação e bebidas,Alimentação,0.5,7060
2024-09-01,2024,9,2,Habitação,Habitação,1.8,7060
2024-09-01,2024,9,3,Artigos de residência,Residência,-0.19,7060
2024-09-01,2024,9,4,Vestuário,Vestuário,0.18,7060
2024-09-01,2024,9,5,Transportes,Transportes,0.14,7060
2024-09-01,2024,9,6,Saúde e cuidados pessoais,Saúde,0.46,7060
2024-09-01,2024,9,7,Despesas pessoais,Pessoais,-0.31,7060
2024-09-01,2024,9,8,Educação,Educação,0.05,7060
2024-09-01,2024,9,9,Comunicação,Comunicação,-0.05,7060
2024-10-01,2024,10,1,Alimentação e bebidas,Alimentação,1.06,7060
2024-10-01,2024,10,2,Habitação,Habitação,1.49,7060
2024-10-01,2024,10,3,Artigos de residência,Residência,0.43,7060
2024-10-01,2024,10,4,Vestuário,Vestuário,0.37,7060
2024-10-01,2024,10,5,Transportes,Transportes,-0.38,7060
2024-10-01,2024,10,6,Saúde e cuidados pessoais,Saúde,0.38,7060
2024-10-01,2024,10,7,Despesas pessoais,Pessoais,0.7,7060
2024-10-01,2024,10,8,Educação,Educação,0.04,7060
2024-10-01,2024,10,9,Comunicação,Comunicação,0.52,7060
2024-11-01,2024,11,1,Alimentação e bebidas,Alimentação,1.55,7060
2024-11-01,2024,11,2,Habitação,Habitação,-1.53,7060
2024-11-01,2024,11,3,Artigos de residência,Residência,-0.31,7060
2024-11-01,2024,11,4,Vestuário,Vestuário,-0.12,7060
2024-11-01,2024,11,5,Transportes,Transportes,0.89,7060
2024-11-01,2024,11,6,Saúde e cuidados pessoais,Saúde,-0.06,7060
2024-11-01,2024,11,7,Despesas pessoais,Pessoais,1.43,7060
2024-11-01,2024,11,8,Educação,Educação,-0.04,7060
2024-11-01,2024,11,9,Comunicação,Comunicação,-0.1,7060
2024-12-01,2024,12,1,Alimentação e bebidas,Alimentação,1.18,7060
2024-12-01,2024,12,2,Habitação,Habitação,-0.56,7060
2024-12-01,2024,12,3,Artigos de residência,Residência,0.65,7060
2024-12-01,2024,12,4,Vestuário,Vestuário,1.14,7060
2024-12-01,2024,12,5,Transportes,Transportes,0.67,7060
2024-12-01,2024,12,6,Saúde e cuidados pessoais,Saúde,0.38,7060
2024-12-01,2024,12,7,Despesas pessoais,Pessoais,0.62,7060
2024-12-01,2024,12,8,Educação,Educação,0.11,7060
2024-12-01,2024,12,9,Comunicação,Comunicação,0.37,7060
2025-01-01,2025,1,1,Alimentação e bebidas,Alimentação,0.96,7060
2025-01-01,2025,1,2,Habitação,Habitação,-3.08,7060
2025-01-01,2025,1,3,Artigos de residência,Residência,-0.09,7060
2025-01-01,2025,1,4,Vestuário,Vestuário,-0.14,7060
2025-01-01,2025,1,5,Transportes,Transportes,1.3,7060
2025-01-01,2025,1,6,Saúde e cuidados pessoais,Saúde,0.7,7060
2025-01-01,2025,1,7,Despesas pessoais,Pessoais,0.51,7060
2025-01-01,2025,1,8,Educação,Educação,0.26,7060
2025-01-01,2025,1,9,Comunicação,Comunicação,-0.17,7060
2025-02-01,2025,2,1,Alimentação e bebidas,Alimentação,0.7,7060
2025-02-01,2025,2,2,Habitação,Habitação,4.44,7060
2025-02-01,2025,2,3,Artigos de residência,Residência,0.44,7060
2025-02-01,2025,2,4,Vestuário,Vestuário,0,7060
2025-02-01,2025,2,5,Transportes,Transportes,0.61,7060
2025-02-01,2025,2,6,Saúde e cuidados pessoais,Saúde,0.49,7060
2025-02-01,2025,2,7,Despesas pessoais,Pessoais,0.13,7060
2025-02-01,2025,2,8,Educação,Educação,4.7,7060
2025-02-01,2025,2,9,Comunicação,Comunicação,0.17,7060
2025-03-01,2025,3,1,Alimentação e bebidas,Alimentação,1.17,7060
2025-03-01,2025,3,2,Habitação,Habitação,0.24,7060
2025-03-01,2025,3,3,Artigos de residência,Residência,0.13,7060
2025-03-01,2025,3,4,Vestuário,Vestuário,0.59,7060
2025-03-01,2025,3,5,Transportes,Transportes,0.46,7060
2025-03-01,2025,3,6,Saúde e cuidados pessoais,Saúde,0.43,7060
2025-03-01,2025,3,7,Despesas pessoais,Pessoais,0.7,7060
2025-03-01,2025,3,8,Educação,Educação,0.1,7060
2025-03-01,2025,3,9,Comunicação,Comunicação,0.24,7060
2025-04-01,2025,4,1,Alimentação e bebidas,Alimentação,0.82,7060
2025-04-01,2025,4,2,Habitação,Habitação,0.14,7060
2025-04-01,2025,4,3,Artigos de residência,Residência,0.53,7060
2025-04-01,2025,4,4,Vestuário,Vestuário,1.02,7060
2025-04-01,2025,4,5,Transportes,Transportes,-0.38,7060
2025-04-01,2025,4,6,Saúde e cuidados pessoais,Saúde,1.18,7060
2025-04-01,2025,4,7,Despesas pessoais,Pessoais,0.54,7060
2025-04-01,2025,4,8,Educação,Educação,0.05,7060
2025-04-01,2025,4,9,Comunicação,Comunicação,0.69,7060
2025-05-01,2025,5,1,Alimentação e bebidas,Alimentação,0.17,7060
2025-05-01,2025,5,2,Habitação,Habitação,1.19,7060
2025-05-01,2025,5,3,Artigos de residência,Residência,-0.27,7060
2025-05-01,2025,5,4,Vestuário,Vestuário,0.41,7060
2025-05-01,2025,5,5,Transportes,Transportes,-0.37,7060
2025-05-01,2025,5,6,Saúde e cuidados pessoais,Saúde,0.54,7060
2025-05-01,2025,5,7,Despesas pessoais,Pessoais,0.35,7060
2025-05-01,2025,5,8,Educação,Educação,0.05,7060
2025-05-01,2025,5,9,Comunicação,Comunicação,0.07,7060
2025-06-01,2025,6,1,Alimentação e bebidas,Alimentação,-0.18,7060
2025-06-01,2025,6,2,Habitação,Habitação,0.99,7060
2025-06-01,2025,6,3,Artigos de residência,Residência,0.08,7060
2025-06-01,2025,6,4,Vestuário,Vestuário,0.75,7060
2025-06-01,2025,6,5,Transportes,Transportes,0.27,7060
2025-06-01,2025,6,6,Saúde e cuidados pessoais,Saúde,0.07,7060
2025-06-01,2025,6,7,Despesas pessoais,Pessoais,0.23,7060
2025-06-01,2025,6,8,Educação,Educação,0,7060
2025-06-01,2025,6,9,Comunicação,Comunicação,0.11,7060
2025-07-01,2025,7,1,Alimentação e bebidas,Alimentação,-0.27,7060
2025-07-01,2025,7,2,Habitação,Habitação,0.91,7060
2025-07-01,2025,7,3,Artigos de residência,Residência,0.09,7060
2025-07-01,2025,7,4,Vestuário,Vestuário,-0.54,7060
2025-07-01,2025,7,5,Transportes,Transportes,0.35,7060
2025-07-01,2025,7,6,Saúde e cuidados pessoais,Saúde,0.45,7060
2025-07-01,2025,7,7,Despesas pessoais,Pessoais,0.76,7060
2025-07-01,2025,7,8,Educação,Educação,0.02,7060
2025-07-01,2025,7,9,Comunicação,Comunicação,-0.09,7060
2025-08-01,2025,8,1,Alimentação e bebidas,Alimentação,-0.46,7060
2025-08-01,2025,8,2,Habitação,Habitação,-0.9,7060
2025-08-01,2025,8,3,Artigos de residência,Residência,-0.09,7060
2025-08-01,2025,8,4,Vestuário,Vestuário,0.72,7060
2025-08-01,2025,8,5,Transportes,Transportes,-0.27,7060
2025-08-01,2025,8,6,Saúde e cuidados pessoais,Saúde,0.54,7060
2025-08-01,2025,8,7,Despesas pessoais,Pessoais,0.4,7060
2025-08-01,2025,8,8,Educação,Educação,0.75,7060
2025-08-01,2025,8,9,Comunicação,Comunicação,-0.09,7060
2025-09-01,2025,9,1,Alimentação e bebidas,Alimentação,-0.26,7060
2025-09-01,2025,9,2,Habitação,Habitação,2.97,7060
2025-09-01,2025,9,3,Artigos de residência,Residência,-0.4,7060
2025-09-01,2025,9,4,Vestuário,Vestuário,0.63,7060
2025-09-01,2025,9,5,Transportes,Transportes,0.01,7060
2025-09-01,2025,9,6,Saúde e cuidados pessoais,Saúde,0.17,7060
2025-09-01,2025,9,7,Despesas pessoais,Pessoais,0.51,7060
2025-09-01,2025,9,8,Educação,Educação,0.07,7060
2025-09-01,2025,9,9,Comunicação,Comunicação,-0.17,7060
2025-10-01,2025,10,1,Alimentação e bebidas,Alimentação,0.01,7060
2025-10-01,2025,10,2,Habitação,Habitação,-0.3,7060
2025-10-01,2025,10,3,Artigos de residência,Residência,-0.34,7060
2025-10-01,2025,10,4,Vestuário,Vestuário,0.51,7060
2025-10-01,2025,10,5,Transportes,Transportes,0.11,7060
2025-10-01,2025,10,6,Saúde e cuidados pessoais,Saúde,0.41,7060
2025-10-01,2025,10,7,Despesas pessoais,Pessoais,0.45,7060
2025-10-01,2025,10,8,Educação,Educação,0.06,7060
2025-10-01,2025,10,9,Comunicação,Comunicação,-0.16,7060
2025-11-01,2025,11,1,Alimentação e bebidas,Alimentação,-0.01,7060
2025-11-01,2025,11,2,Habitação,Habitação,0.52,7060
2025-11-01,2025,11,3,Artigos de residência,Residência,-1,7060
2025-11-01,2025,11,4,Vestuário,Vestuário,0.49,7060
2025-11-01,2025,11,5,Transportes,Transportes,0.22,7060
2025-11-01,2025,11,6,Saúde e cuidados pessoais,Saúde,-0.04,7060
2025-11-01,2025,11,7,Despesas pessoais,Pessoais,0.77,7060
2025-11-01,2025,11,8,Educação,Educação,0.01,7060
2025-11-01,2025,11,9,Comunicação,Comunicação,-0.2,7060
2025-12-01,2025,12,1,Alimentação e bebidas,Alimentação,0.27,7060
2025-12-01,2025,12,2,Habitação,Habitação,-0.33,7060
2025-12-01,2025,12,3,Artigos de residência,Residência,0.64,7060
2025-12-01,2025,12,4,Vestuário,Vestuário,0.45,7060
2025-12-01,2025,12,5,Transportes,Transportes,0.74,7060
2025-12-01,2025,12,6,Saúde e cuidados pessoais,Saúde,0.52,7060
2025-12-01,2025,12,7,Despesas pessoais,Pessoais,0.36,7060
2025-12-01,2025,12,8,Educação,Educação,0.08,7060
2025-12-01,2025,12,9,Comunicação,Comunicação,0.37,7060
2026-01-01,2026,1,1,Alimentação e bebidas,Alimentação,0.23,7060
2026-01-01,2026,1,2,Habitação,Habitação,-0.11,7060
2026-01-01,2026,1,3,Artigos de residência,Residência,0.2,7060
2026-01-01,2026,1,4,Vestuário,Vestuário,-0.25,7060
2026-01-01,2026,1,5,Transportes,Transportes,0.6,7060
2026-01-01,2026,1,6,Saúde e cuidados pessoais,Saúde,0.7,7060
2026-01-01,2026,1,7,Despesas pessoais,Pessoais,0.41,7060
2026-01-01,2026,1,8,Educação,Educação,0.02,7060
2026-01-01,2026,1,9,Comunicação,Comunicação,0.82,7060
2026-02-01,2026,2,1,Alimentação e bebidas,Alimentação,0.26,7060
2026-02-01,2026,2,2,Habitação,Habitação,0.3,7060
2026-02-01,2026,2,3,Artigos de residência,Residência,0.13,7060
2026-02-01,2026,2,4,Vestuário,Vestuário,0.16,7060
2026-02-01,2026,2,5,Transportes,Transportes,0.74,7060
2026-02-01,2026,2,6,Saúde e cuidados pessoais,Saúde,0.59,7060
2026-02-01,2026,2,7,Despesas pessoais,Pessoais,0.33,7060
2026-02-01,2026,2,8,Educação,Educação,5.21,7060
2026-02-01,2026,2,9,Comunicação,Comunicação,0.15,7060
2026-03-01,2026,3,1,Alimentação e bebidas,Alimentação,1.56,7060
2026-03-01,2026,3,2,Habitação,Habitação,0.22,7060
2026-03-01,2026,3,3,Artigos de residência,Residência,0.51,7060
2026-03-01,2026,3,4,Vestuário,Vestuário,0.46,7060
2026-03-01,2026,3,5,Transportes,Transportes,1.64,7060
2026-03-01,2026,3,6,Saúde e cuidados pessoais,Saúde,0.42,7060
2026-03-01,2026,3,7,Despesas pessoais,Pessoais,0.65,7060
2026-03-01,2026,3,8,Educação,Educação,0.02,7060
2026-03-01,2026,3,9,Comunicação,Comunicação,0.19,7060
2026-04-01,2026,4,1,Alimentação e bebidas,Alimentação,1.34,7060
2026-04-01,2026,4,2,Habitação,Habitação,0.63,7060
2026-04-01,2026,4,3,Artigos de residência,Residência,0.65,7060
2026-04-01,2026,4,4,Vestuário,Vestuário,0.52,7060
2026-04-01,2026,4,5,Transportes,Transportes,0.06,7060
2026-04-01,2026,4,6,Saúde e cuidados pessoais,Saúde,1.16,7060
2026-04-01,2026,4,7,Despesas pessoais,Pessoais,0.35,7060
2026-04-01,2026,4,8,Educação,Educação,0.06,7060
2026-04-01,2026,4,9,Comunicação,Comunicação,0.57,7060
2026-05-01,2026,5,1,Alimentação e bebidas,Alimentação,1.33,7060
2026-05-01,2026,5,2,Habitação,Habitação,1.22,7060
2026-05-01,2026,5,3,Artigos de residência,Residência,0.08,7060
2026-05-01,2026,5,4,Vestuário,Vestuário,0.62,7060
2026-05-01,2026,5,5,Transportes,Transportes,-0.46,7060
2026-05-01,2026,5,6,Saúde e cuidados pessoais,Saúde,0.9,7060
2026-05-01,2026,5,7,Despesas pessoais,Pessoais,0.41,7060
2026-05-01,2026,5,8,Educação,Educação,0,7060
2026-05-01,2026,5,9,Comunicação,Comunicação,0.23,7060
